index,CHR,BP,ALLELE0,ALLELE1,SNP,GENPOS,A1FREQ,INFO
1.10796547.A.G,1,10796547,A,G,rs17035646,0.213153,0.662499,0.980211
1.10796866.C.T,1,10796866,C,T,rs880315,0.213158,0.659612,0.981687
1.10797428.GC.G,1,10797428,GC,G,rs35295665,0.213168,0.658136,0.968801
1.10798489.G.C,1,10798489,G,C,rs34071855,0.213186,0.659577,0.983778
1.109816863.TC.T,1,109816863,TC,T,rs552693039,1.38711,0.818143,0.99153
1.109817192.G.A,1,109817192,G,A,rs7528419,1.38712,0.777405,1.0
1.109817590.T.G,1,109817590,T,G,rs12740374,1.38714,0.778469,1.0
1.109817838.C.T,1,109817838,C,T,rs660240,1.38715,0.215231,1.0
1.109818158.CT.C,1,109818158,CT,C,rs3832016,1.38716,0.214683,0.999259
1.109818306.T.G,1,109818306,T,G,rs629301,1.38716,0.222331,1.0
1.109818530.T.C,1,109818530,T,C,rs646776,1.38717,0.222341,1.0
1.109821307.T.G,1,109821307,T,G,rs583104,1.38723,0.226797,0.998779
1.109821511.G.T,1,109821511,G,T,rs602633,1.38723,0.217191,1.0
1.109821797.A.G,1,109821797,A,G,rs4970836,1.38725,0.227018,0.999155
1.109822143.A.G,1,109822143,A,G,rs1277930,1.38726,0.2277,0.99952
1.109822166.A.G,1,109822166,A,G,rs599839,1.38726,0.22813,1.0
1.113027802.A.T,1,113027802,A,T,rs1759695,1.44264,0.178875,0.978583
1.113038761.C.G,1,113038761,C,G,rs72699046,1.44271,0.928597,0.987454
1.113038795.G.A,1,113038795,G,A,rs351354,1.44271,0.17933,0.982152
1.113039993.A.G,1,113039993,A,G,rs351358,1.44277,0.179389,0.984809
1.113040832.C.G,1,113040832,C,G,rs2798239,1.44282,0.184086,0.986441
1.113042558.C.T,1,113042558,C,T,rs351361,1.44288,0.188168,0.982586
1.113044328.T.G,1,113044328,T,G,rs10776752,1.44291,0.926215,0.995723
1.113045061.T.A,1,113045061,T,A,rs351364,1.44292,0.25261,0.984399
1.113046730.G.GT,1,113046730,G,GT,1:113046730_GT_G,1.44295,0.189515,0.971757
1.113046879.A.C,1,113046879,A,C,rs3790604,1.44296,0.926089,0.992271
1.113047178.C.T,1,113047178,C,T,rs72993045,1.44296,0.968042,0.961266
1.113052923.G.C,1,113052923,G,C,rs11102485,1.44324,0.921491,0.991843
1.113053023.C.A,1,113053023,C,A,rs3790607,1.44324,0.921585,0.991502
1.113230758.G.A,1,113230758,G,A,rs2999159,1.44353,0.168643,0.9962
1.113244433.C.T,1,113244433,C,T,rs2279500,1.44357,0.168738,0.992309
1.115826169.T.A,1,115826169,T,A,rs57748895,1.46602,0.982156,0.993067
1.115826476.G.T,1,115826476,G,T,rs146754848,1.46602,0.982394,0.998106
1.115826700.G.T,1,115826700,G,T,rs138443500,1.46602,0.98412,0.995874
1.115827208.A.G,1,115827208,A,G,rs148118479,1.46602,0.982395,0.998295
1.115827266.T.G,1,115827266,T,G,rs59980837,1.46602,0.982236,0.996145
1.115827784.T.C,1,115827784,T,C,rs146718647,1.46602,0.982379,0.998999
1.115829178.T.C,1,115829178,T,C,rs11466111,1.46602,0.982349,1.0
1.115829546.G.C,1,115829546,G,C,rs3730194,1.46602,0.982333,0.996597
1.115831202.A.G,1,115831202,A,G,rs145339349,1.46609,0.982247,0.986468
1.11864586.C.T,1,11864586,C,T,rs3753584,0.239489,0.835875,0.999268
1.11865804.G.A,1,11865804,G,A,rs13306561,0.239491,0.835586,0.998903
1.11873416.C.A,1,11873416,C,A,rs17037427,0.239504,0.835686,0.998419
1.11873787.C.T,1,11873787,C,T,rs17037429,0.239505,0.835681,0.998463
1.11876300.G.T,1,11876300,G,T,rs41275472,0.239509,0.835664,0.998435
1.11876902.C.CTT,1,11876902,C,CTT,1:11876902_CTT_C,0.239509,0.835744,0.998007
1.11879699.G.A,1,11879699,G,A,rs2050265,0.23951,0.835673,0.998408
1.11880731.T.G,1,11880731,T,G,rs149764880,0.23951,0.835828,0.996608
1.11880755.T.C,1,11880755,T,C,rs138473600,0.23951,0.839968,0.986884
1.11880760.G.C,1,11880760,G,C,rs142489028,0.23951,0.839968,0.986884
1.11880768.G.A,1,11880768,G,A,rs146777460,0.23951,0.839956,0.986826
1.11881441.G.C,1,11881441,G,C,rs6699618,0.239511,0.836017,0.99861
1.11881947.CAG.C,1,11881947,CAG,C,rs113289271,0.239511,0.835599,0.99831
1.11883531.T.C,1,11883531,T,C,rs12567119,0.239511,0.835844,0.998516
1.11883731.T.C,1,11883731,T,C,rs12567136,0.239511,0.835841,0.998534
1.11885647.G.A,1,11885647,G,A,rs56153133,0.239511,0.836079,0.997504
1.11886383.CTG.C,1,11886383,CTG,C,rs138460149,0.239512,0.835567,0.997843
1.11887303.G.A,1,11887303,G,A,rs7537765,0.239512,0.835701,0.998072
1.11887382.G.A,1,11887382,G,A,rs56190030,0.239512,0.835645,0.998298
1.11887685.GTTTCACCACTTTGGCAAGGCTGGTCTTGAA.G,1,11887685,GTTTCACCACTTTGGCAAGGCTGGTCTTGAA,G,rs56043629,0.239512,0.835528,0.998375
1.11892615.C.G,1,11892615,C,G,rs2236796,0.239513,0.835658,0.998398
1.11895675.G.A,1,11895675,G,A,rs17037452,0.239516,0.835741,0.997954
1.11895795.A.G,1,11895795,A,G,rs55857306,0.239521,0.83606,0.998572
1.149854324.C.T,1,149854324,C,T,rs17581380,1.65625,0.955275,1.0
1.149877987.T.G,1,149877987,T,G,rs143564937,1.65629,0.991142,0.845682
1.149878407.A.G,1,149878407,A,G,rs149735232,1.65629,0.979973,1.0
1.149881221.A.G,1,149881221,A,G,rs138866201,1.6563,0.974761,0.957494
1.149886135.A.C,1,149886135,A,C,rs4926386,1.6563,0.899986,0.980556
1.149892872.G.A,1,149892872,G,A,rs11205277,1.65632,0.56027,1.0
1.149933079.A.G,1,149933079,A,G,rs142979434,1.65638,0.992646,0.868865
1.149953410.A.G,1,149953410,A,G,rs115390301,1.65638,0.986135,0.791899
1.149956134.T.C,1,149956134,T,C,rs72692830,1.65638,0.948609,0.900711
1.149993982.A.G,1,149993982,A,G,rs76406395,1.65645,0.958673,1.0
1.150159135.CG.C,1,150159135,CG,C,rs147585604,1.65742,0.0372243,0.614442
1.150229850.C.A,1,150229850,C,A,rs189810516,1.65772,0.990588,0.901325
1.150472831.T.C,1,150472831,T,C,rs7553846,1.65805,0.984258,0.941528
1.150514609.A.C,1,150514609,A,C,rs587640974,1.65824,0.998262,0.9493
1.150759634.A.AAAC,1,150759634,A,AAAC,1:150759634_AAAC_A,1.65899,0.887138,0.935457
1.150838820.T.C,1,150838820,T,C,rs587691273,1.65903,0.998427,0.909708
1.150897159.A.C,1,150897159,A,C,rs139837219,1.65903,0.907734,0.998451
1.150897800.A.G,1,150897800,A,G,rs72704686,1.65903,0.907438,0.999346
1.150918936.G.T,1,150918936,G,T,rs72704698,1.65903,0.907369,0.989046
1.150919842.T.C,1,150919842,T,C,rs6694978,1.65903,0.907416,1.0
1.150989568.C.CA,1,150989568,C,CA,1:150989568_CA_C,1.65938,0.914613,0.705205
1.150999414.T.C,1,150999414,T,C,rs6661135,1.65951,0.928464,0.970541
1.153662423.A.G,1,153662423,A,G,rs35479618,1.68283,0.982651,1.0
1.230830668.C.G,1,230830668,C,G,rs2493126,2.54697,0.395793,0.994189
1.230832431.T.G,1,230832431,T,G,rs2493128,2.54698,0.397875,0.993181
1.230833666.A.G,1,230833666,A,G,rs2006765,2.547,0.398869,0.994424
1.230837044.A.G,1,230837044,A,G,rs943580,2.54704,0.395214,1.0
1.230843633.G.A,1,230843633,G,A,rs3789669,2.54711,0.807804,0.991253
1.230843800.T.G,1,230843800,T,G,rs3789671,2.54712,0.807909,0.991286
1.230844273.C.T,1,230844273,C,T,rs2493133,2.54714,0.599026,0.995511
1.230844310.C.T,1,230844310,C,T,rs2478543,2.54714,0.59866,0.995802
1.230844772.T.G,1,230844772,T,G,rs2478539,2.54715,0.599974,1.0
1.230844992.T.C,1,230844992,T,C,rs6687360,2.54716,0.637728,0.998527
1.230845794.G.A,1,230845794,G,A,rs699,2.54716,0.599478,1.0
1.230847562.T.TAAA,1,230847562,T,TAAA,1:230847562_TAAA_T,2.54717,0.594518,0.996786
1.230848702.T.C,1,230848702,T,C,rs2004776,2.54719,0.759486,0.997047
1.230849168.T.C,1,230849168,T,C,rs7539013,2.5472,0.638012,0.998121
1.230849190.T.C,1,230849190,T,C,rs7539020,2.5472,0.637991,0.998038
1.230849359.C.T,1,230849359,C,T,rs2493134,2.5472,0.5997,0.998484
1.230849799.G.A,1,230849799,G,A,rs2148582,2.5472,0.599895,0.995116
1.230849872.T.C,1,230849872,T,C,rs5051,2.54721,0.599995,0.995359
1.230851428.G.C,1,230851428,G,C,rs2493135,2.54723,0.599493,0.997706
1.230851536.T.C,1,230851536,T,C,rs2493136,2.54723,0.599577,0.997899
1.25390827.T.C,1,25390827,T,C,rs311448,0.482995,0.54719,0.991668
1.25395133.A.G,1,25395133,A,G,rs448385,0.483069,0.55895,0.995477
2.164504723.A.C,2,164504723,A,C,rs78242064,1.80727,0.8866,0.95485
2.164520408.GA.G,2,164520408,GA,G,rs537850068,1.80748,0.886705,0.991227
2.164523745.A.C,2,164523745,A,C,rs12471859,1.80748,0.886509,0.998243
2.164529733.A.G,2,164529733,A,G,rs16848769,1.80749,0.88646,1.0
2.164532990.T.TATAA,2,164532990,T,TATAA,2:164532990_TATAA_T,1.80749,0.156174,0.896897
2.164539577.A.G,2,164539577,A,G,rs4667699,1.80749,0.886451,0.99698
2.164547440.C.T,2,164547440,C,T,rs720643,1.8075,0.886108,0.996163
2.164550970.T.C,2,164550970,T,C,rs12615434,1.8075,0.886699,0.995816
2.164557460.T.C,2,164557460,T,C,rs10497240,1.80751,0.886644,0.995202
2.164561308.T.G,2,164561308,T,G,rs751608,1.80751,0.882958,0.994542
2.164564781.C.CTTAA,2,164564781,C,CTTAA,2:164564781_CTTAA_C,1.80752,0.883449,0.991461
2.164565634.T.C,2,164565634,T,C,rs75057174,1.80752,0.882965,0.995019
2.164570745.A.C,2,164570745,A,C,rs12479049,1.80752,0.88292,0.99522
2.164574344.C.T,2,164574344,C,T,rs80163246,1.80752,0.882906,0.995283
2.164575350.C.T,2,164575350,C,T,rs7591678,1.80752,0.116982,0.992712
2.164577569.A.G,2,164577569,A,G,rs728700,1.80752,0.882829,0.995791
2.164578925.T.C,2,164578925,T,C,rs10497243,1.80753,0.882832,0.995954
2.164579389.T.A,2,164579389,T,A,rs114736548,1.80753,0.882757,0.995963
2.164585596.C.A,2,164585596,C,A,rs74998824,1.80753,0.882684,0.996273
2.164587010.A.G,2,164587010,A,G,rs74933019,1.80753,0.88271,0.996428
2.164587447.G.A,2,164587447,G,A,rs1460665,1.80753,0.882721,0.99654
2.164592369.T.C,2,164592369,T,C,rs12469383,1.80753,0.882644,0.996957
2.164592415.C.G,2,164592415,C,G,rs12469467,1.80753,0.882705,0.99708
2.164599522.C.T,2,164599522,C,T,rs4667700,1.80754,0.882829,0.994893
2.164600989.A.C,2,164600989,A,C,rs79205304,1.80782,0.878954,0.948432
2.183207699.T.C,2,183207699,T,C,rs1370665,2.01674,0.556988,0.996516
2.183208082.A.G,2,183208082,A,G,rs1370666,2.01674,0.562875,1.0
2.183208375.C.T,2,183208375,C,T,rs11678230,2.01674,0.562836,0.999512
2.183208727.T.A,2,183208727,T,A,rs833165,2.01675,0.435958,0.998713
2.183209456.G.GTCTC,2,183209456,G,GTCTC,rs769529772,2.01675,0.564017,0.998435
2.183209842.C.G,2,183209842,C,G,rs1438070,2.01675,0.564023,0.998676
2.183212319.A.G,2,183212319,A,G,rs17343304,2.01677,0.563899,0.998153
2.183212413.G.C,2,183212413,G,C,rs17343311,2.01677,0.563876,0.998134
2.183212654.A.G,2,183212654,A,G,rs17343318,2.01677,0.563935,0.997945
2.183213137.T.C,2,183213137,T,C,rs17264880,2.01679,0.564076,0.995465
2.183213152.G.A,2,183213152,G,A,rs17264887,2.01679,0.5641,0.995309
2.183214179.A.T,2,183214179,A,T,rs17264894,2.01685,0.564194,0.990788
2.183286689.C.T,2,183286689,C,T,rs17343416,2.01723,0.566659,0.992503
2.183287411.G.A,2,183287411,G,A,rs12989198,2.01723,0.566878,0.993451
2.183290028.A.G,2,183290028,A,G,rs10931012,2.01724,0.567027,0.9925
2.183292868.C.T,2,183292868,C,T,rs11684406,2.01724,0.56666,0.992358
2.25062634.G.A,2,25062634,G,A,rs11125810,0.456616,0.101182,0.980995
2.25098542.A.C,2,25098542,A,C,rs77100173,0.456923,0.905905,0.974384
2.25110289.C.T,2,25110289,C,T,rs75034121,0.456957,0.905473,0.975505
2.25134011.A.C,2,25134011,A,C,rs56073414,0.456998,0.883903,0.981161
2.25137594.A.G,2,25137594,A,G,rs80195592,0.457029,0.886967,0.979478
2.25137596.G.C,2,25137596,G,C,rs114020506,0.457029,0.886976,0.979611
2.25139318.T.C,2,25139318,T,C,rs56214615,0.45703,0.885991,0.987451
2.25139596.G.T,2,25139596,G,T,rs55701159,0.45703,0.886136,0.987607
2.25144327.G.A,2,25144327,G,A,rs77816629,0.457043,0.885802,0.985807
2.25144591.T.C,2,25144591,T,C,rs111376384,0.457044,0.885803,0.98571
2.25146467.C.T,2,25146467,C,T,rs78203196,0.457053,0.885545,0.984977
2.25146684.A.C,2,25146684,A,C,rs79585987,0.457054,0.885558,0.985083
2.25147305.G.A,2,25147305,G,A,rs77269558,0.457057,0.885786,0.984941
2.25148205.A.G,2,25148205,A,G,rs112092329,0.457061,0.885832,0.984906
2.25148623.C.G,2,25148623,C,G,rs552571374,0.457063,0.886342,0.974947
2.25201743.G.A,2,25201743,G,A,rs11125866,0.45725,0.881399,0.996425
2.25220522.A.G,2,25220522,A,G,rs6749818,0.457264,0.882912,0.997209
2.25224972.T.C,2,25224972,T,C,rs75150777,0.457272,0.882794,0.996714
2.25236431.A.G,2,25236431,A,G,rs11893094,0.457274,0.882618,0.995895
2.25241386.G.T,2,25241386,G,T,rs188315257,0.457274,0.907915,0.984664
2.25262928.T.C,2,25262928,T,C,rs116734066,0.457314,0.90748,0.987705
2.26911509.C.A,2,26911509,C,A,rs1275984,0.470916,0.382912,0.993779
2.26911745.T.C,2,26911745,T,C,rs1275985,0.470919,0.382146,0.993767
2.26912079.A.C,2,26912079,A,C,rs1275986,0.470919,0.382233,0.993691
2.26913930.G.A,2,26913930,G,A,rs736699,0.470922,0.383188,0.994055
2.26914364.T.C,2,26914364,T,C,rs1275988,0.470923,0.383701,0.994115
2.26915624.T.G,2,26915624,T,G,rs12476527,0.470925,0.37872,0.981647
2.26916844.G.C,2,26916844,G,C,rs35021474,0.470927,0.384194,0.990955
2.26916969.T.C,2,26916969,T,C,rs1275980,0.470927,0.383359,0.995064
2.26919089.T.C,2,26919089,T,C,rs1275982,0.47093,0.383327,0.995825
2.26920025.A.T,2,26920025,A,T,rs1731249,0.470931,0.384484,0.994816
2.26923095.T.C,2,26923095,T,C,rs1275978,0.470936,0.383282,0.99581
2.26923568.C.T,2,26923568,C,T,rs1275979,0.470937,0.383053,0.995742
2.26929282.G.T,2,26929282,G,T,rs13394970,0.470987,0.390338,0.993305
2.26930411.T.C,2,26930411,T,C,rs1731243,0.471054,0.392052,0.994237
2.27748992.A.AT,2,27748992,A,AT,2:27748992_AT_A,0.473548,0.381386,0.989814
2.27750545.G.A,2,27750545,G,A,rs2950835,0.473573,0.432773,0.989894
2.27750546.A.T,2,27750546,A,T,rs2911711,0.473573,0.43278,0.989869
2.27752463.A.G,2,27752463,A,G,rs11127048,0.473573,0.382167,0.968478
2.27752871.T.C,2,27752871,T,C,rs6753534,0.473573,0.432558,0.984171
2.27753878.C.A,2,27753878,C,A,rs4665985,0.473573,0.730404,0.977645
2.28029181.C.T,2,28029181,C,T,rs182609864,0.47395,0.998947,0.647765
2.28039665.C.T,2,28039665,C,T,rs4465729,0.47396,0.543873,0.986884
2.28194626.G.A,2,28194626,G,A,rs189659578,0.474075,0.998924,0.786462
2.28210639.G.A,2,28210639,G,A,rs557017978,0.474075,0.99876,0.834026
2.28237680.C.A,2,28237680,C,A,rs549405527,0.474076,0.998755,0.601562
2.28328807.CT.C,2,28328807,CT,C,rs559544368,0.474521,0.931698,0.918376
2.28333308.A.AG,2,28333308,A,AG,2:28333308_AG_A,0.474533,0.998673,0.641388
2.28362187.C.T,2,28362187,C,T,rs4666038,0.474579,0.995384,0.828071
2.28418219.T.G,2,28418219,T,G,rs146707739,0.47474,0.99513,0.971408
2.28544732.A.G,2,28544732,A,G,rs149929573,0.475541,0.998675,0.87799
2.28610627.C.T,2,28610627,C,T,rs10176110,0.477873,0.875576,1.0
2.28618161.A.G,2,28618161,A,G,rs12473028,0.477908,0.568131,0.980089
2.28628595.T.TG,2,28628595,T,TG,2:28628595_TG_T,0.477964,0.561471,0.99045
2.28628910.T.C,2,28628910,T,C,rs13405815,0.477966,0.535849,0.99168
2.28629343.T.G,2,28629343,T,G,rs6547850,0.477967,0.535083,0.99251
2.28629367.C.G,2,28629367,C,G,rs6547851,0.477967,0.535072,0.992451
2.28629892.C.T,2,28629892,C,T,rs9309662,0.477969,0.535812,0.99183
2.28641573.C.CTT,2,28641573,C,CTT,2:28641573_CTT_C,0.478142,0.410387,0.908701
2.43134149.A.G,2,43134149,A,G,rs57343005,0.67232,0.896612,0.980294
2.43134602.C.T,2,43134602,C,T,rs74624534,0.672327,0.896658,0.981772
2.43134971.T.G,2,43134971,T,G,rs56276825,0.672333,0.896668,0.980887
2.43139375.A.C,2,43139375,A,C,rs55684956,0.672358,0.89614,0.980774
2.43141074.A.G,2,43141074,A,G,rs73923009,0.672364,0.896742,0.981795
2.43165179.A.C,2,43165179,A,C,rs80258496,0.67299,0.906801,0.980602
2.43166683.A.G,2,43166683,A,G,rs76099932,0.673004,0.906938,0.98017
2.43167878.C.A,2,43167878,C,A,rs76326501,0.673014,0.907051,0.979239
2.43187097.G.C,2,43187097,G,C,rs7586471,0.673329,0.832874,0.971501
2.43194596.T.G,2,43194596,T,G,rs72876037,0.673455,0.88132,1.0
2.43196676.A.G,2,43196676,A,G,rs73923058,0.673602,0.882754,0.984358
2.43196694.T.A,2,43196694,T,A,rs115262049,0.673604,0.910876,0.983186
2.44072576.T.G,2,44072576,T,G,rs4299376,0.686578,0.323399,0.997928
2.44073881.C.T,2,44073881,C,T,rs6544713,0.68658,0.323373,1.0
2.44074431.T.C,2,44074431,T,C,rs4245791,0.686581,0.325084,1.0
2.44092066.T.C,2,44092066,T,C,rs4603816,0.68661,0.277465,0.995492
3.127715518.T.C,3,127715518,T,C,rs111489708,1.41754,0.950625,1.0
3.127719500.T.C,3,127719500,T,C,rs111883722,1.41755,0.950741,0.998061
3.127744978.A.AAG,3,127744978,A,AAG,3:127744978_AAG_A,1.41771,0.951872,0.965252
3.127794248.A.G,3,127794248,A,G,rs11709060,1.41774,0.95275,0.975657
3.127897058.G.A,3,127897058,G,A,rs552676292,1.41786,0.998812,0.918912
3.127943527.C.T,3,127943527,C,T,rs79613209,1.41808,0.999821,0.879332
3.128039895.A.G,3,128039895,A,G,rs11708733,1.41818,0.951761,0.982494
3.128103714.A.G,3,128103714,A,G,rs78360844,1.41828,0.951816,0.991376
3.128104777.T.A,3,128104777,T,A,rs11721161,1.41828,0.951773,0.992543
3.128189391.G.T,3,128189391,G,T,rs76594121,1.41984,0.951735,0.941255
3.128349376.G.T,3,128349376,G,T,rs55683935,1.42174,0.96057,1.0
3.138077176.CTCA.C,3,138077176,CTCA,C,rs56330132,1.5052,0.81321,0.981568
3.138095525.C.T,3,138095525,C,T,rs2347252,1.50523,0.838882,0.994636
3.138096097.C.A,3,138096097,C,A,rs12695685,1.50523,0.83893,0.994821
3.138099161.TTTC.T,3,138099161,TTTC,T,rs139016349,1.50524,0.838236,0.993246
3.138104635.A.G,3,138104635,A,G,rs34905952,1.50525,0.839021,0.995385
3.138108352.A.G,3,138108352,A,G,rs9848655,1.50527,0.83884,0.997751
3.138111751.T.C,3,138111751,T,C,rs9864898,1.50527,0.838961,0.998217
3.138112943.G.GA,3,138112943,G,GA,3:138112943_GA_G,1.50527,0.838776,0.995349
3.138114291.G.C,3,138114291,G,C,rs13096934,1.50527,0.838996,0.998301
3.138117564.G.A,3,138117564,G,A,rs13083299,1.50527,0.838949,0.999009
3.138117985.T.C,3,138117985,T,C,rs9872754,1.50527,0.838952,0.998937
3.138121198.T.C,3,138121198,T,C,rs2279241,1.50528,0.842711,0.999637
3.138121509.G.A,3,138121509,G,A,rs9851766,1.50528,0.842746,0.99946
3.138121920.T.A,3,138121920,T,A,rs3732837,1.50528,0.842747,0.999829
3.138122122.T.C,3,138122122,T,C,rs9818870,1.50528,0.842508,1.0
3.138122477.T.C,3,138122477,T,C,rs2291127,1.50528,0.842708,0.999678
3.138124114.G.T,3,138124114,G,T,rs2293251,1.50529,0.842342,0.996773
3.150066540.A.T,3,150066540,A,T,rs62271373,1.64339,0.940402,0.957592
3.150078499.C.A,3,150078499,C,A,rs9837072,1.64351,0.267997,0.984715
3.150097635.C.G,3,150097635,C,G,rs9844972,1.64367,0.928902,0.961697
3.150179639.T.TA,3,150179639,T,TA,3:150179639_TA_T,1.64377,0.695421,0.936256
3.150179640.T.A,3,150179640,T,A,rs752995,1.64377,0.62289,0.961296
3.150182020.T.C,3,150182020,T,C,rs9818469,1.64377,0.529641,0.994208
3.150186942.T.C,3,150186942,T,C,rs557044246,1.64378,0.998726,0.889836
3.150509275.G.A,3,150509275,G,A,rs191184179,1.64633,0.997453,0.836387
3.150655991.T.C,3,150655991,T,C,rs187383372,1.654,0.98423,0.979611
3.150691398.A.G,3,150691398,A,G,rs6786527,1.65442,0.999753,0.88372
3.150724609.C.A,3,150724609,C,A,rs9818731,1.65604,0.543834,0.985522
3.150757791.AT.A,3,150757791,AT,A,rs11373342,1.65746,0.204636,0.925422
3.150926894.T.C,3,150926894,T,C,rs571128387,1.65802,0.998471,0.88711
3.151486452.A.G,3,151486452,A,G,rs112113148,1.66298,0.995843,0.900039
3.151748172.G.A,3,151748172,G,A,rs565552743,1.66419,0.999019,0.669676
3.151902078.C.G,3,151902078,C,G,rs167809,1.66455,0.231037,0.98318
3.151902878.A.AT,3,151902878,A,AT,3:151902878_AT_A,1.66455,0.36634,0.97344
3.152924009.A.AC,3,152924009,A,AC,rs72364405,1.67302,0.455856,0.886906
3.153020960.C.G,3,153020960,C,G,rs113522027,1.67375,0.912065,0.952322
3.153036404.C.T,3,153036404,C,T,rs34678225,1.67393,0.872465,0.974626
3.153085769.A.G,3,153085769,A,G,rs551709845,1.67627,0.996945,0.840839
3.153125367.C.A,3,153125367,C,A,rs117002067,1.6765,0.999543,0.819165
3.153165732.A.T,3,153165732,A,T,rs150921982,1.6773,0.998883,0.664203
3.153800866.A.C,3,153800866,A,C,rs34037193,1.68353,0.815336,0.978951
3.167288693.A.G,3,167288693,A,G,rs113416071,1.7653,0.741674,0.915418
3.167290798.C.T,3,167290798,C,T,rs6780019,1.76532,0.740973,0.916459
3.167348838.A.G,3,167348838,A,G,rs7627289,1.76585,0.772714,0.986613
3.167426942.G.A,3,167426942,G,A,rs12494861,1.76587,0.772772,0.99077
3.167452991.C.T,3,167452991,C,T,rs11714980,1.76589,0.776156,0.995155
3.167454002.G.T,3,167454002,G,T,rs12107673,1.76589,0.775824,0.994992
3.167455701.C.A,3,167455701,C,A,rs60800951,1.7659,0.773527,0.994005
3.167462646.TATA.T,3,167462646,TATA,T,rs541086931,1.76591,0.775905,0.996444
3.167462868.G.T,3,167462868,G,T,rs2055026,1.76591,0.775838,0.996827
3.167463532.G.T,3,167463532,G,T,rs7646407,1.76592,0.776256,0.998739
3.167464512.A.G,3,167464512,A,G,rs11717419,1.76593,0.776391,1.0
3.167465537.G.A,3,167465537,G,A,rs55740466,1.76594,0.775757,0.996987
3.167467135.G.A,3,167467135,G,A,rs7612014,1.76596,0.773119,1.0
3.167468501.A.G,3,167468501,A,G,rs6809761,1.76597,0.775826,0.993448
3.167469955.G.A,3,167469955,G,A,rs1492027,1.76599,0.775879,0.981922
3.167469963.C.T,3,167469963,C,T,rs2420036,1.76599,0.776766,0.984052
3.167487767.GT.G,3,167487767,GT,G,rs747037178,1.76605,0.871867,0.96757
3.167494671.T.C,3,167494671,T,C,rs56302309,1.76605,0.865739,0.99333
3.168814206.A.G,3,168814206,A,G,rs56743174,1.77816,0.927612,0.996106
3.168830777.A.G,3,168830777,A,G,rs74516251,1.77819,0.926873,0.996962
3.168832835.T.C,3,168832835,T,C,rs16853173,1.7782,0.927518,0.995779
3.168836505.T.G,3,168836505,T,G,rs3889027,1.77821,0.926918,0.994729
3.168840179.G.A,3,168840179,G,A,rs16853198,1.77821,0.927605,0.993959
3.168842429.T.G,3,168842429,T,G,rs74681149,1.77821,0.926956,0.993673
3.168847861.C.CATG,3,168847861,C,CATG,rs767084746,1.77823,0.925477,0.987652
3.168849576.C.T,3,168849576,C,T,rs11721038,1.77823,0.925553,0.989865
3.168850194.G.T,3,168850194,G,T,rs9811922,1.77824,0.925812,0.986147
3.168850355.T.C,3,168850355,T,C,rs9867546,1.77824,0.925595,0.990034
3.168851934.A.G,3,168851934,A,G,rs6773653,1.77824,0.925656,0.989219
3.168853335.G.A,3,168853335,G,A,rs77463690,1.77826,0.926998,0.988829
3.168854925.C.A,3,168854925,C,A,rs2242338,1.7783,0.928588,0.983806
3.168857633.G.A,3,168857633,G,A,rs78307470,1.77831,0.929187,0.987807
3.169092995.T.C,3,169092995,T,C,rs1273885,1.78396,0.563167,0.997802
3.169096267.G.A,3,169096267,G,A,rs6773655,1.78397,0.390361,0.97215
3.169097381.T.C,3,169097381,T,C,rs1290786,1.78397,0.571356,0.998175
3.169121931.T.A,3,169121931,T,A,rs4955647,1.78402,0.455759,0.99835
3.169128274.G.A,3,169128274,G,A,rs1918966,1.7841,0.45586,0.998369
3.169129651.C.T,3,169129651,C,T,rs2421648,1.7841,0.455861,0.998442
3.169146497.T.C,3,169146497,T,C,rs2014590,1.78413,0.512673,0.998928
3.169155318.A.G,3,169155318,A,G,rs7626980,1.78417,0.462223,0.998744
3.169162212.C.T,3,169162212,C,T,rs4955655,1.78417,0.454429,0.999515
3.169165173.G.A,3,169165173,G,A,rs1918973,1.78418,0.454293,0.999771
3.169165888.T.C,3,169165888,T,C,rs1918974,1.78418,0.45436,1.0
3.169325573.T.C,3,169325573,T,C,rs5024378,1.78709,0.547758,0.966188
3.169325621.T.C,3,169325621,T,C,rs2111557,1.78709,0.537256,0.991256
3.169328313.A.G,3,169328313,A,G,rs73174383,1.7871,0.908427,0.950631
3.169328315.A.G,3,169328315,A,G,rs13089528,1.7871,0.529606,0.982951
3.27562988.T.C,3,27562988,T,C,rs2643826,0.486955,0.547587,0.993068
3.3753470.T.C,3,3753470,T,C,rs769789,0.104323,0.188343,0.994979
3.3758192.C.G,3,3758192,C,G,rs1017904,0.104371,0.768036,0.995278
3.3758756.C.T,3,3758756,C,T,rs9883463,0.104378,0.768016,0.995291
3.3760767.A.G,3,3760767,A,G,rs1867011,0.104388,0.811578,0.995188
3.53558012.A.G,3,53558012,A,G,rs3821843,0.701115,0.321621,0.963451
3.53568283.C.T,3,53568283,C,T,rs1547950,0.70115,0.539835,0.986976
3.53672471.C.T,3,53672471,C,T,rs9819463,0.703248,0.795458,0.993797
3.53682175.C.G,3,53682175,C,G,rs11719110,0.703281,0.795683,0.996935
3.53688958.G.A,3,53688958,G,A,rs11712998,0.703296,0.798988,0.9972
3.53689494.C.T,3,53689494,C,T,rs11709565,0.703296,0.798964,0.997452
3.53693070.C.T,3,53693070,C,T,rs11713811,0.703299,0.799941,1.0
3.53701367.TG.T,3,53701367,TG,T,rs3836508,0.703306,0.67358,0.985966
3.53705350.T.C,3,53705350,T,C,rs11130376,0.703309,0.820523,0.995053
3.53730735.A.G,3,53730735,A,G,rs9841978,0.703437,0.678014,0.985189
3.53734443.C.T,3,53734443,C,T,rs7340705,0.703465,0.677997,0.981791
3.53734453.C.G,3,53734453,C,G,rs2612016,0.703465,0.678108,0.981526
3.53734531.A.G,3,53734531,A,G,rs6445597,0.703467,0.678619,0.982103
3.53735299.G.A,3,53735299,G,A,rs2680663,0.703506,0.677857,0.980208
3.53850005.T.C,3,53850005,T,C,rs11130381,0.705563,0.46144,0.993742
3.53850209.T.C,3,53850209,T,C,rs12485510,0.705566,0.460279,0.991172
3.53850855.T.A,3,53850855,T,A,rs11714712,0.705575,0.471941,0.979659
3.53854068.G.T,3,53854068,G,T,rs7625247,0.705623,0.448969,0.989971
3.53856653.T.C,3,53856653,T,C,rs2241808,0.705662,0.46131,0.991813
3.53857055.G.T,3,53857055,G,T,rs76920163,0.705668,0.993938,0.961914
3.53857158.T.C,3,53857158,T,C,rs2241807,0.70567,0.461385,0.991668
3.53858164.T.C,3,53858164,T,C,rs2276838,0.705686,0.461427,0.990508
3.53858541.T.C,3,53858541,T,C,rs7626693,0.705695,0.465928,0.986335
4.100239319.C.T,4,100239319,C,T,rs1229984,1.13021,0.0224497,1.0
4.102865304.A.G,4,102865304,A,G,rs13126505,1.15603,0.929642,0.962908
4.102895712.A.G,4,102895712,A,G,rs74635873,1.15605,0.998757,0.72453
4.102896591.G.T,4,102896591,G,T,rs13109404,1.15605,0.927868,0.98577
4.102921704.A.T,4,102921704,A,T,rs13127398,1.1561,0.927853,0.985517
4.102926923.A.G,4,102926923,A,G,rs34592089,1.15615,0.938399,1.0
4.102928866.A.G,4,102928866,A,G,rs13113094,1.15619,0.893317,0.977388
4.102934734.C.A,4,102934734,C,A,rs377592722,1.1563,0.992902,0.853355
4.103001649.T.G,4,103001649,T,G,rs1813006,1.15654,0.940042,0.942805
4.103112470.G.A,4,103112470,G,A,rs6855246,1.15721,0.920009,0.92432
4.103115421.C.T,4,103115421,C,T,rs7660137,1.15738,0.999353,0.914483
4.103188709.T.C,4,103188709,T,C,rs13107325,1.15824,0.925208,1.0
4.106910958.T.C,4,106910958,T,C,rs56388530,1.18614,0.240462,0.997055
4.106911742.C.G,4,106911742,C,G,rs13112725,1.18614,0.240526,0.996039
4.111341866.G.A,4,111341866,G,A,rs139051778,1.23073,0.987075,0.953048
4.111431444.A.G,4,111431444,A,G,rs33966350,1.23146,0.987361,1.0
4.148227947.T.C,4,148227947,T,C,rs184105170,1.55842,0.998883,0.832565
4.148327304.T.C,4,148327304,T,C,rs149722146,1.55985,0.981477,0.924685
4.148348726.A.AT,4,148348726,A,AT,4:148348726_AT_A,1.56001,0.876043,0.820653
4.148391169.A.G,4,148391169,A,G,rs572116401,1.56042,0.997617,0.798093
4.148429483.T.G,4,148429483,T,G,rs139452637,1.56072,0.891327,0.995424
4.148432862.G.T,4,148432862,G,T,rs75736224,1.56073,0.891242,0.997594
4.148438619.C.G,4,148438619,C,G,rs4835411,1.56074,0.891357,0.993934
4.148441139.A.G,4,148441139,A,G,rs4835412,1.5608,0.891363,0.983541
4.148443006.T.C,4,148443006,T,C,rs908581,1.56087,0.891285,0.974741
4.148448870.G.A,4,148448870,G,A,rs4639051,1.56098,0.837734,0.985116
4.148449253.C.A,4,148449253,C,A,rs62345688,1.56099,0.837733,0.985481
4.148453648.C.T,4,148453648,C,T,rs10305905,1.56102,0.998797,0.845773
4.148457326.G.T,4,148457326,G,T,rs10305916,1.56103,0.803177,0.994394
4.148470938.C.T,4,148470938,C,T,rs139020303,1.56134,0.993725,0.709186
4.148478345.T.C,4,148478345,T,C,rs374183596,1.56135,0.998844,0.83293
4.148493467.A.G,4,148493467,A,G,rs144900005,1.56138,0.99451,0.935499
4.148520824.T.C,4,148520824,T,C,rs12501094,1.56221,0.709669,0.911557
4.148707750.G.A,4,148707750,G,A,rs548891302,1.5634,0.996029,0.601693
4.148731678.A.G,4,148731678,A,G,rs541191097,1.56389,0.997371,0.82963
4.148926065.A.G,4,148926065,A,G,rs138230584,1.56688,0.992572,0.979718
4.149015571.T.C,4,149015571,T,C,rs529627025,1.56837,0.997363,0.855924
4.149033499.G.A,4,149033499,G,A,rs180971025,1.56866,0.997265,0.889041
4.149075755.T.C,4,149075755,T,C,rs143057152,1.5689,0.997077,1.0
4.149137105.T.G,4,149137105,T,G,rs532790479,1.57012,0.998277,0.818529
4.156633444.T.C,4,156633444,T,C,rs56329057,1.64894,0.815792,0.99805
4.156635309.A.G,4,156635309,A,G,rs7692387,1.64895,0.814038,0.999022
4.156638073.G.C,4,156638073,G,C,rs3796587,1.64896,0.813841,1.0
4.156638573.G.A,4,156638573,G,A,rs2306556,1.64897,0.813889,0.999836
4.156639888.T.G,4,156639888,T,G,rs72689147,1.64897,0.815589,0.999368
4.156642884.G.A,4,156642884,G,A,rs3796581,1.64899,0.815482,0.99902
4.156646340.A.T,4,156646340,A,T,rs11724647,1.64903,0.81575,0.998859
4.156661063.A.C,4,156661063,A,C,rs56256623,1.64909,0.812981,0.994404
4.156663104.T.C,4,156663104,T,C,rs11721947,1.64914,0.812686,0.992524
4.26589070.A.G,4,26589070,A,G,rs1826063,0.464406,0.568677,0.995127
4.26591379.A.C,4,26591379,A,C,rs34951242,0.464406,0.568711,0.995244
4.26626139.C.G,4,26626139,C,G,rs540586908,0.464421,0.998676,0.804594
4.26676343.A.G,4,26676343,A,G,rs11942145,0.46444,0.568837,0.996506
4.26685977.T.C,4,26685977,T,C,rs62412675,0.464441,0.568964,0.996732
4.26787745.G.C,4,26787745,G,C,rs6822044,0.464696,0.652911,0.991015
4.26791831.C.T,4,26791831,C,T,rs73249865,0.464713,0.648906,0.997287
4.26795603.C.T,4,26795603,C,T,rs4572866,0.464728,0.648273,1.0
4.26796406.G.A,4,26796406,G,A,rs73249866,0.464731,0.648247,0.999199
4.26796884.C.CCTT,4,26796884,C,CCTT,rs760662286,0.464733,0.651435,0.997248
4.26800969.C.A,4,26800969,C,A,rs73249868,0.46475,0.647686,0.996974
4.26801566.CT.C,4,26801566,CT,C,4:26801566_C_CT,0.464752,0.649028,0.996934
4.26802027.C.T,4,26802027,C,T,rs79618052,0.464754,0.647986,0.997539
4.26809019.T.C,4,26809019,T,C,rs73249870,0.464841,0.65135,0.996175
4.26809115.G.A,4,26809115,G,A,rs73249871,0.464843,0.64804,0.994459
4.26812210.T.C,4,26812210,T,C,rs73249874,0.464936,0.651921,0.991316
4.26813156.A.G,4,26813156,A,G,rs73249875,0.464964,0.651941,0.989873
4.26813959.T.C,4,26813959,T,C,rs59761494,0.464988,0.652029,0.989228
4.26815441.T.G,4,26815441,T,G,rs68041310,0.465033,0.652254,0.989484
4.81169912.T.G,4,81169912,T,G,rs11099098,0.949367,0.706376,0.991719
4.81174592.A.G,4,81174592,A,G,rs13125101,0.949377,0.706434,0.992597
4.81181072.T.A,4,81181072,T,A,rs10857147,0.949389,0.708221,0.989842
5.132349654.G.T,5,132349654,G,T,rs4705986,1.39065,0.935665,0.978107
5.132360653.G.A,5,132360653,G,A,rs72801433,1.39069,0.933935,1.0
5.132426851.G.GTT,5,132426851,G,GTT,5:132426851_GTT_G,1.39076,0.906965,0.9965
5.132444128.A.G,5,132444128,A,G,rs72801474,1.39081,0.907092,1.0
5.156367092.C.T,5,156367092,C,T,rs10062458,1.66277,0.346715,0.983991
5.156369171.T.C,5,156369171,T,C,rs7717984,1.66278,0.346311,0.990117
5.156373637.C.G,5,156373637,C,G,rs13167071,1.66279,0.360142,0.991275
5.156377130.C.CT,5,156377130,C,CT,5:156377130_CT_C,1.66281,0.327479,0.988365
5.156380067.G.T,5,156380067,G,T,rs4704727,1.66282,0.339746,0.993811
5.156381370.A.G,5,156381370,A,G,rs7724832,1.66282,0.328236,0.993965
5.156382308.G.A,5,156382308,G,A,rs4704825,1.66282,0.365265,0.994856
5.156383422.G.A,5,156383422,G,A,rs1363232,1.66283,0.339138,0.994344
5.156384515.C.G,5,156384515,C,G,rs2862059,1.66283,0.326309,0.992455
5.156387137.C.G,5,156387137,C,G,rs6878680,1.66284,0.361475,0.996728
5.156387436.G.C,5,156387436,G,C,rs4407617,1.66285,0.331282,0.982954
5.156390297.C.T,5,156390297,C,T,rs6882076,1.66286,0.363914,1.0
5.156391628.C.T,5,156391628,C,T,rs6874202,1.66286,0.363907,0.999772
5.156392082.A.C,5,156392082,A,C,rs4704826,1.66287,0.364016,0.999363
5.156392089.C.T,5,156392089,C,T,rs4704827,1.66287,0.352533,0.998129
5.156392248.T.C,5,156392248,T,C,rs12517431,1.66287,0.35247,0.998381
5.156396003.T.C,5,156396003,T,C,rs12657266,1.66288,0.363856,0.999437
5.156397540.A.T,5,156397540,A,T,rs1393207,1.66289,0.352264,0.998281
5.156397673.A.G,5,156397673,A,G,rs6882345,1.66289,0.364929,0.999245
5.156398169.C.G,5,156398169,C,G,rs1501908,1.66289,0.363755,1.0
5.156399039.T.C,5,156399039,T,C,rs58198139,1.66289,0.363769,0.999286
5.156399950.G.A,5,156399950,G,A,rs11134475,1.6629,0.362616,0.997693
5.156400808.G.A,5,156400808,G,A,rs55776147,1.6629,0.363639,0.998282
5.156428793.C.A,5,156428793,C,A,rs12652795,1.66301,0.539721,0.890417
5.156443066.G.A,5,156443066,G,A,rs4704834,1.66304,0.353233,0.995719
5.157927591.T.G,5,157927591,T,G,rs1317146,1.67634,0.651427,0.996874
5.157931833.C.T,5,157931833,C,T,rs2963452,1.67634,0.651256,0.998002
5.157936921.AATAT.A,5,157936921,AATAT,A,rs199592451,1.67635,0.653439,0.998763
5.157937183.C.A,5,157937183,C,A,rs2946158,1.67635,0.653422,0.999262
5.157937347.A.G,5,157937347,A,G,rs2964504,1.67635,0.653421,0.999289
5.157937426.G.A,5,157937426,G,A,rs2963448,1.67635,0.653424,0.999322
5.157937522.G.A,5,157937522,G,A,rs2963447,1.67635,0.653423,0.99936
5.157937610.C.T,5,157937610,C,T,rs2964505,1.67635,0.653451,0.999379
5.157937655.A.G,5,157937655,A,G,rs2964506,1.67635,0.653411,0.999341
5.157937687.A.G,5,157937687,A,G,rs2964507,1.67635,0.653422,0.99945
5.157938502.A.C,5,157938502,A,C,rs2963446,1.67635,0.653423,1.0
5.157938870.G.C,5,157938870,G,C,rs2963444,1.67635,0.651283,0.999542
5.157938893.A.G,5,157938893,A,G,rs2964508,1.67635,0.653502,0.999621
5.157939327.G.A,5,157939327,G,A,rs2963443,1.67635,0.653511,0.999628
5.157939402.A.G,5,157939402,A,G,rs2946157,1.67635,0.653425,0.999653
5.157939583.A.G,5,157939583,A,G,rs2964509,1.67635,0.653438,0.999597
5.157940174.A.G,5,157940174,A,G,rs2964510,1.67636,0.65377,0.999415
5.157940293.G.A,5,157940293,G,A,rs2963442,1.67636,0.65377,0.999379
5.157940896.T.A,5,157940896,T,A,rs2963441,1.67636,0.653766,0.999221
5.157942696.T.G,5,157942696,T,G,rs2963440,1.67636,0.678057,0.998335
5.157942974.C.A,5,157942974,C,A,rs2964511,1.67637,0.675449,0.998724
5.157943229.T.C,5,157943229,T,C,rs2419902,1.67637,0.678659,0.996839
5.157943476.A.C,5,157943476,A,C,rs2419901,1.67637,0.677819,0.998565
5.157943996.AT.A,5,157943996,AT,A,rs34391617,1.67637,0.652911,0.9971
5.158414823.C.T,5,158414823,C,T,rs56176059,1.67883,0.718072,0.999187
5.158444231.G.C,5,158444231,G,C,rs34296591,1.67886,0.638431,0.991548
5.158444274.T.C,5,158444274,T,C,rs36071027,1.67886,0.638466,0.991358
5.32709653.T.C,5,32709653,T,C,rs3762988,0.510243,0.612273,0.993778
5.32709937.T.TA,5,32709937,T,TA,5:32709937_TA_T,0.510247,0.569042,0.970441
5.32713108.C.G,5,32713108,C,G,rs3828591,0.510283,0.606923,0.994715
5.32713327.C.T,5,32713327,C,T,rs3828589,0.510285,0.607007,0.993381
5.32713836.G.A,5,32713836,G,A,rs3792765,0.510291,0.60712,0.993067
5.32714270.G.C,5,32714270,G,C,rs1421811,0.510296,0.607156,0.992869
5.32714611.C.CT,5,32714611,C,CT,rs751624122,0.510298,0.635372,0.927577
5.32716474.CT.C,5,32716474,CT,C,rs34628434,0.510305,0.608979,0.970492
5.32815028.G.A,5,32815028,G,A,rs1173771,0.512395,0.399574,1.0
5.32819073.C.T,5,32819073,C,T,rs9292468,0.512407,0.399843,0.997173
5.32820552.G.T,5,32820552,G,T,rs2193951,0.51241,0.399278,0.996769
5.32820553.C.T,5,32820553,C,T,rs2193950,0.51241,0.399274,0.996788
5.32821211.C.T,5,32821211,C,T,rs1173770,0.512411,0.399134,0.997748
5.32828846.C.T,5,32828846,C,T,rs7733331,0.512436,0.399552,0.996423
5.32829975.G.C,5,32829975,G,C,rs1177764,0.512442,0.403685,0.998912
5.32830521.C.T,5,32830521,C,T,rs1173727,0.512447,0.40362,1.0
5.32831670.C.T,5,32831670,C,T,rs13154066,0.512468,0.403648,0.996868
5.32831939.C.T,5,32831939,C,T,rs12656497,0.512473,0.403641,0.996299
5.32832474.A.C,5,32832474,A,C,rs10059884,0.512473,0.403759,0.996303
5.55763236.A.G,5,55763236,A,G,rs284021,0.679309,0.782825,0.929893
5.55794632.A.G,5,55794632,A,G,rs30351,0.680081,0.255504,0.98506
5.55802419.T.C,5,55802419,T,C,rs27984,0.680168,0.255403,0.997569
5.55803533.A.G,5,55803533,A,G,rs30000,0.680172,0.255493,0.998006
5.55805639.T.C,5,55805639,T,C,rs467022,0.680181,0.254709,0.99852
5.55806751.G.A,5,55806751,G,A,rs459193,0.680185,0.253162,1.0
5.55807370.T.C,5,55807370,T,C,rs464605,0.680187,0.253656,1.0
5.55807837.C.T,5,55807837,C,T,rs458741,0.680189,0.256294,0.993015
5.55808342.T.C,5,55808342,T,C,rs392794,0.680191,0.253297,0.999348
5.55808475.T.C,5,55808475,T,C,rs465002,0.680191,0.253529,0.999249
5.55809127.C.T,5,55809127,C,T,rs157512,0.680193,0.76226,0.998448
5.55809138.A.C,5,55809138,A,C,rs256903,0.680193,0.253433,0.998955
5.55809465.G.A,5,55809465,G,A,rs173964,0.680195,0.253442,0.998825
5.55810305.T.A,5,55810305,T,A,rs256904,0.680197,0.253506,0.998052
5.55812130.G.A,5,55812130,G,A,rs465983,0.680205,0.764027,0.996735
5.55812622.A.G,5,55812622,A,G,rs61142999,0.680207,0.997367,0.981385
5.55814555.T.C,5,55814555,T,C,rs60202005,0.680216,0.997456,0.993995
5.55815083.T.G,5,55815083,T,G,rs56411612,0.680218,0.997456,0.991906
5.55815871.AG.A,5,55815871,AG,A,rs36098873,0.680224,0.236067,0.990609
5.55815892.G.A,5,55815892,G,A,rs458356,0.680224,0.236614,0.995349
5.55816081.C.A,5,55816081,C,A,rs458036,0.680228,0.236614,0.994972
5.55856375.T.G,5,55856375,T,G,rs3843467,0.681472,0.793959,0.997154
5.55857025.GT.G,5,55857025,GT,G,rs11429307,0.681476,0.809418,0.991838
5.55857548.AT.A,5,55857548,AT,A,rs547065676,0.681479,0.809825,0.983784
5.55859952.G.A,5,55859952,G,A,rs11743303,0.681496,0.792175,0.996585
5.55860781.G.A,5,55860781,G,A,rs3936511,0.681508,0.808538,0.998863
5.55860866.T.G,5,55860866,T,G,rs3936510,0.681509,0.799245,1.0
5.55860907.G.GC,5,55860907,G,GC,5:55860907_GC_G,0.68151,0.814188,0.998756
5.55861359.A.G,5,55861359,A,G,rs13173241,0.681517,0.794051,0.999311
5.55861464.T.C,5,55861464,T,C,rs28650790,0.681519,0.808616,0.998514
5.55861595.A.G,5,55861595,A,G,rs9687832,0.681522,0.794082,0.999264
5.55861601.A.G,5,55861601,A,G,rs9687833,0.681522,0.79414,0.999197
5.55861786.T.C,5,55861786,T,C,rs9686661,0.681526,0.799846,0.99965
5.55861894.A.G,5,55861894,A,G,rs9687846,0.681529,0.799805,1.0
5.55868097.T.C,5,55868097,T,C,rs13179413,0.681793,0.715103,0.961626
6.134157925.GAA.G,6,134157925,GAA,G,rs60521290,1.40734,0.685991,0.977645
6.134158209.C.CT,6,134158209,C,CT,6:134158209_CT_C,1.40735,0.685226,0.982328
6.134159399.T.C,6,134159399,T,C,rs1969783,1.40735,0.701557,0.988449
6.134159622.T.A,6,134159622,T,A,rs1966248,1.40735,0.70116,0.987454
6.134159976.G.C,6,134159976,G,C,rs9285476,1.40735,0.701922,0.98827
6.134171132.T.C,6,134171132,T,C,rs1535616,1.40744,0.707955,0.993523
6.134172346.G.C,6,134172346,G,C,rs7752775,1.40744,0.707937,0.993622
6.134173151.G.A,6,134173151,G,A,rs12202017,1.40744,0.707971,0.993635
6.134179681.TGCAGTCC.T,6,134179681,TGCAGTCC,T,rs372752769,1.40746,0.713834,0.983192
6.134184272.A.ATAGT,6,134184272,A,ATAGT,rs767088162,1.40747,0.708896,0.993925
6.134184826.A.C,6,134184826,A,C,rs34523729,1.40747,0.709721,0.996347
6.134184972.A.G,6,134184972,A,G,rs2105092,1.40747,0.709167,0.996912
6.134186165.G.C,6,134186165,G,C,rs1832181,1.40747,0.709509,0.996631
6.134188439.G.A,6,134188439,G,A,rs2209042,1.40747,0.991543,0.860157
6.134188626.T.C,6,134188626,T,C,rs10457618,1.40747,0.709726,0.996677
6.134189834.C.T,6,134189834,C,T,rs12207772,1.40747,0.709721,0.99679
6.134193714.G.T,6,134193714,G,T,rs13218281,1.40748,0.70953,0.997473
6.134193910.A.G,6,134193910,A,G,rs17062991,1.40748,0.709531,0.997462
6.134195719.A.G,6,134195719,A,G,rs12192720,1.40748,0.709216,0.998514
6.134196327.T.C,6,134196327,T,C,rs7769943,1.40748,0.709672,0.998465
6.134196381.G.A,6,134196381,G,A,rs7769954,1.40748,0.709386,0.999113
6.134196674.A.C,6,134196674,A,C,rs12524865,1.40749,0.709215,1.0
6.134198175.A.G,6,134198175,A,G,rs1967917,1.40749,0.709461,0.998153
6.134202690.C.T,6,134202690,C,T,rs2327426,1.40751,0.698227,0.995148
6.134209837.C.T,6,134209837,C,T,rs2327429,1.40757,0.704077,0.991617
6.150975312.G.T,6,150975312,G,T,rs62434109,1.61675,0.928075,0.979531
6.150977939.C.T,6,150977939,C,T,rs62434110,1.61676,0.928407,0.981542
6.150977958.A.C,6,150977958,A,C,rs62434111,1.61676,0.928427,0.981773
6.150979813.A.G,6,150979813,A,G,rs17080057,1.61677,0.928445,0.982691
6.150984741.A.G,6,150984741,A,G,rs113397083,1.61679,0.928892,0.989592
6.150989698.G.A,6,150989698,G,A,rs17080069,1.61683,0.927898,0.995286
6.150992370.A.T,6,150992370,A,T,rs62434120,1.61683,0.92911,0.996953
6.150995754.T.TTC,6,150995754,T,TTC,6:150995754_TTC_T,1.61683,0.929769,0.983609
6.150997035.C.T,6,150997035,C,T,rs17080087,1.61684,0.928818,0.998453
6.150997145.AAT.A,6,150997145,AAT,A,rs77900892,1.61684,0.928755,0.999243
6.150997269.G.T,6,150997269,G,T,rs17080089,1.61684,0.92869,0.999743
6.150997401.T.C,6,150997401,T,C,rs17080091,1.61684,0.928813,0.999572
6.150997440.T.C,6,150997440,T,C,rs17080093,1.61684,0.928584,1.0
6.150998511.G.A,6,150998511,G,A,rs57139556,1.61684,0.928347,1.0
6.150998847.GA.G,6,150998847,GA,G,rs143799059,1.61684,0.928865,0.995819
6.150999071.A.G,6,150999071,A,G,rs62434122,1.61684,0.928308,0.999039
6.150999085.A.AATAGGTC,6,150999085,A,AATAGGTC,6:150999085_AATAGGTC_A,1.61684,0.930951,0.983317
6.150999464.T.C,6,150999464,T,C,rs62434123,1.61684,0.928733,0.999419
6.150999751.T.C,6,150999751,T,C,rs62434124,1.61685,0.928736,0.999355
6.151002371.C.T,6,151002371,C,T,rs62434125,1.61686,0.928862,0.998034
6.151004770.C.G,6,151004770,C,G,rs17080102,1.61687,0.928894,0.997611
6.151008837.T.A,6,151008837,T,A,rs62434129,1.61689,0.92856,0.996422
6.151008874.A.C,6,151008874,A,C,rs59155780,1.61689,0.928031,0.994531
6.160985526.A.G,6,160985526,A,G,rs118039278,1.7755,0.919052,0.991241
6.160997118.T.A,6,160997118,T,A,rs74617384,1.77557,0.919085,1.0
6.161005610.T.C,6,161005610,T,C,rs55730499,1.77557,0.918336,0.997046
6.161010118.G.A,6,161010118,G,A,rs10455872,1.77557,0.91896,1.0
6.25978402.C.T,6,25978402,C,T,rs72832602,0.492842,0.875368,0.998864
6.25990474.C.G,6,25990474,C,G,rs7766267,0.492845,0.875373,0.999178
6.25990842.C.T,6,25990842,C,T,rs7752351,0.492845,0.875372,0.999171
6.26003177.T.A,6,26003177,T,A,rs151280334,0.492852,0.977686,0.984957
6.26005023.T.A,6,26005023,T,A,rs72834621,0.492853,0.879769,0.999239
6.26019411.C.G,6,26019411,C,G,rs72834627,0.492865,0.878959,0.998996
6.26025186.T.C,6,26025186,T,C,rs72834630,0.492875,0.878816,0.998423
6.26035337.G.T,6,26035337,G,T,rs187349835,0.492889,0.99887,0.677404
6.26036092.T.C,6,26036092,T,C,rs112370520,0.49289,0.878739,0.998298
6.26041986.T.C,6,26041986,T,C,rs72834643,0.492898,0.877109,0.998549
6.26043393.T.G,6,26043393,T,G,rs72834647,0.4929,0.877058,0.998072
6.26072992.T.C,6,26072992,T,C,rs144861591,0.492935,0.923352,0.984561
6.26082215.G.GC,6,26082215,G,GC,6:26082215_GC_G,0.492937,0.876662,0.996487
6.26082220.G.A,6,26082220,G,A,rs111663960,0.492937,0.876023,0.998927
6.26091185.T.A,6,26091185,T,A,rs1800730,0.493033,0.983554,0.981475
6.26093141.A.G,6,26093141,A,G,rs1800562,0.493034,0.922141,0.997254
6.26098474.C.T,6,26098474,C,T,rs79220007,0.493041,0.922805,0.997632
6.43262704.T.A,6,43262704,T,A,rs16896398,0.669722,0.715603,0.998213
6.43279721.A.G,6,43279721,A,G,rs4398731,0.669736,0.715656,0.999601
6.43286652.C.T,6,43286652,C,T,rs138548088,0.669741,0.998465,0.830446
6.43289109.C.A,6,43289109,C,A,rs774722378,0.669742,0.998527,0.819725
6.43293630.C.T,6,43293630,C,T,rs6930689,0.669743,0.715505,0.998615
6.43299058.G.T,6,43299058,G,T,rs2279087,0.669745,0.722759,0.999012
6.43304007.A.C,6,43304007,A,C,rs7692,0.669748,0.72098,0.999352
6.43308363.T.C,6,43308363,T,C,rs1563788,0.669748,0.720988,0.999274
6.43332647.T.TAA,6,43332647,T,TAA,6:43332647_TAA_T,0.669754,0.720959,0.998577
6.43345803.T.C,6,43345803,T,C,rs7742789,0.669767,0.710568,0.999409
6.43348512.G.A,6,43348512,G,A,rs9472040,0.669771,0.680625,0.999045
6.43349215.A.G,6,43349215,A,G,rs7763558,0.669773,0.68062,0.999199
6.43349308.C.A,6,43349308,C,A,rs7763350,0.669773,0.6806,0.999168
6.43349795.A.G,6,43349795,A,G,rs7764523,0.669774,0.680718,0.9988
6.43352980.G.A,6,43352980,G,A,rs1214759,0.669779,0.319775,0.999399
6.43354431.G.A,6,43354431,G,A,rs1214761,0.669782,0.319779,0.999518
6.43757896.A.C,6,43757896,A,C,rs998584,0.677005,0.518541,0.994408
6.43758873.A.G,6,43758873,A,G,rs6905288,0.677036,0.432989,1.0
6.43760327.G.C,6,43760327,G,C,rs11967262,0.677058,0.51275,0.996235
6.51832494.T.C,6,51832494,T,C,rs13205180,0.756859,0.506964,0.990309
6.51834020.A.C,6,51834020,A,C,rs1581717,0.756863,0.51619,0.997132
6.51834280.A.G,6,51834280,A,G,rs1114348,0.756863,0.516074,0.996929
6.51834297.G.A,6,51834297,G,A,rs1114347,0.756863,0.516108,0.99682
6.51837544.T.C,6,51837544,T,C,rs9367468,0.756872,0.516172,0.996488
6.51838263.G.A,6,51838263,G,A,rs9296668,0.756873,0.516056,0.996415
6.51839475.A.G,6,51839475,A,G,rs4715265,0.756876,0.516312,0.996151
6.51840315.C.T,6,51840315,C,T,rs6458803,0.756878,0.516267,0.995777
7.106410777.A.G,7,106410777,A,G,rs12705390,1.22797,0.802971,0.99901
7.106411858.C.T,7,106411858,C,T,rs17477177,1.22797,0.800999,1.0
7.106412082.A.G,7,106412082,A,G,rs62481856,1.22798,0.803043,0.999343
7.106414069.G.T,7,106414069,G,T,rs2392929,1.22806,0.802311,1.0
7.106416453.TA.T,7,106416453,TA,T,rs35267491,1.22815,0.816761,0.915771
7.106417963.A.G,7,106417963,A,G,rs35301188,1.2282,0.827404,0.977919
7.106418972.A.G,7,106418972,A,G,rs11760498,1.22823,0.826002,0.976653
7.129663496.T.C,7,129663496,T,C,rs11556924,1.39506,0.609948,1.0
7.129685597.A.G,7,129685597,A,G,rs56179563,1.39516,0.610566,0.977055
7.150690176.T.C,7,150690176,T,C,rs3918226,1.68007,0.91862,0.96999
7.151406449.T.A,7,151406449,T,A,rs55779150,1.69695,0.723263,0.994809
7.151406788.A.G,7,151406788,A,G,rs56012466,1.69695,0.728057,0.995422
7.151411494.T.G,7,151411494,T,G,rs73728279,1.69704,0.717781,0.990325
7.151413124.C.T,7,151413124,C,T,rs6464165,1.69707,0.717443,0.990301
7.151413194.C.T,7,151413194,C,T,rs10224210,1.69707,0.717785,0.990977
7.151414329.C.T,7,151414329,C,T,rs10265221,1.69715,0.713112,0.992222
7.151415041.G.A,7,151415041,G,A,rs10224002,1.69719,0.712486,1.0
7.151415233.T.C,7,151415233,T,C,rs73158188,1.69721,0.715741,0.993777
7.151415536.T.C,7,151415536,T,C,rs10254101,1.69723,0.713068,0.991981
7.2526511.G.T,7,2526511,G,T,rs2906145,0.0319584,0.32443,0.996464
7.2528060.C.A,7,2528060,C,A,rs886629,0.0319668,0.324225,0.996289
7.2528126.T.G,7,2528126,T,G,rs886630,0.0319701,0.324389,0.996065
7.2529410.A.G,7,2529410,A,G,rs2906140,0.0320345,0.32445,0.995051
7.2530431.G.A,7,2530431,G,A,rs2969072,0.0320857,0.326056,0.993812
7.2531382.T.C,7,2531382,T,C,rs111066266,0.0321334,0.325744,0.992127
7.2531457.T.TTCA,7,2531457,T,TTCA,7:2531457_TTCA_T,0.0321372,0.314766,0.89992
7.2533353.C.G,7,2533353,C,G,rs2906136,0.0322322,0.314852,0.997461
7.2533707.G.A,7,2533707,G,A,rs62444225,0.03225,0.315057,0.996975
7.2533790.C.T,7,2533790,C,T,rs34114302,0.0322542,0.325406,1.0
7.2534392.C.A,7,2534392,C,A,rs2969037,0.0322844,0.314109,0.995751
7.2534683.C.G,7,2534683,C,G,rs2906135,0.032299,0.314392,0.993574
7.2534901.G.T,7,2534901,G,T,rs2969036,0.0323099,0.312251,0.991434
7.27229119.A.G,7,27229119,A,G,rs916880,0.453363,0.0739739,0.988532
7.27236559.G.T,7,27236559,G,T,rs115525024,0.45342,0.0738722,0.984647
7.27238691.G.C,7,27238691,G,C,rs2071265,0.453451,0.0735944,0.990731
7.27242359.C.A,7,27242359,C,A,rs1859168,0.453588,0.0738713,0.997268
7.27243221.T.C,7,27243221,T,C,rs2023843,0.453615,0.0741707,0.9965
7.27243238.A.G,7,27243238,A,G,rs2023844,0.453616,0.0739574,0.998954
7.27243962.G.A,7,27243962,G,A,rs4722675,0.453625,0.0739152,1.0
7.27244306.T.TTTTTG,7,27244306,T,TTTTTG,7:27244306_TTTTTG_T,0.45363,0.0738919,0.998254
7.27245101.T.G,7,27245101,T,G,rs929250,0.45364,0.0738948,0.998402
7.27245893.C.T,7,27245893,C,T,rs3735533,0.453651,0.0737508,1.0
7.27245992.G.GGA,7,27245992,G,GGA,rs760575131,0.453652,0.0747519,0.990505
7.27245996.T.C,7,27245996,T,C,rs60772526,0.453652,0.0746648,0.990902
7.27245997.T.A,7,27245997,T,A,rs61056117,0.453652,0.0746573,0.990997
7.27338039.A.ATTTTTTTTT,7,27338039,A,ATTTTTTTTT,rs550215668,0.454721,0.85156,0.974829
8.105966258.A.G,8,105966258,A,G,rs35783704,1.25546,0.898405,0.975072
8.105978368.A.T,8,105978368,A,T,rs11774829,1.25547,0.898463,0.973608
8.126476873.C.T,8,126476873,C,T,rs2954017,1.45319,0.479235,0.999687
8.126477978.C.G,8,126477978,C,G,rs2001945,1.45319,0.479127,1.0
8.126478450.C.T,8,126478450,C,T,rs2001846,1.45319,0.479085,0.999848
8.126479362.T.C,8,126479362,T,C,rs6982502,1.45319,0.479337,1.0
8.126482077.G.A,8,126482077,G,A,rs2954021,1.45323,0.494008,0.99957
8.126500031.G.C,8,126500031,G,C,rs28601761,1.45335,0.579705,0.973857
8.126504383.C.CCACCAT,8,126504383,C,CCACCAT,8:126504383_CCACCAT_C,1.45336,0.401918,0.861179
8.25878995.C.G,8,25878995,C,G,rs951914,0.575416,0.286313,0.985781
8.25880400.C.T,8,25880400,C,T,rs7008914,0.575419,0.745721,0.986006
8.25891653.G.A,8,25891653,G,A,rs6997996,0.575472,0.743935,0.991776
8.25894275.G.T,8,25894275,G,T,rs901178,0.575481,0.744394,0.993456
8.25898316.T.C,8,25898316,T,C,rs12544694,0.575492,0.75177,0.995309
8.25900405.T.G,8,25900405,T,G,rs73563812,0.575497,0.763859,0.996819
8.25900675.T.C,8,25900675,T,C,rs6557876,0.575497,0.749959,1.0
8.25900969.T.C,8,25900969,T,C,rs7002640,0.575498,0.750201,0.99949
8.25901840.G.A,8,25901840,G,A,rs4872386,0.5755,0.750237,0.999228
8.25902171.C.CG,8,25902171,C,CG,8:25902171_CG_C,0.5755,0.750772,0.996258
8.25902501.A.G,8,25902501,A,G,rs7007677,0.575501,0.75023,0.998941
8.25902792.GAA.G,8,25902792,GAA,G,rs555845476,0.575501,0.751318,0.992657
8.25903178.A.G,8,25903178,A,G,rs901176,0.575502,0.750333,0.998264
8.25903179.A.G,8,25903179,A,G,rs901175,0.575502,0.750291,0.998269
8.25903383.T.C,8,25903383,T,C,rs1077670,0.575503,0.752554,0.998608
8.25903453.T.A,8,25903453,T,A,rs1077669,0.575503,0.75025,0.998592
8.25903639.C.A,8,25903639,C,A,rs1077668,0.575503,0.750247,0.998532
8.25903768.C.G,8,25903768,C,G,rs1077671,0.575503,0.750241,0.998476
8.25904388.A.G,8,25904388,A,G,rs9314318,0.575505,0.75027,0.998448
8.25904488.T.G,8,25904488,T,G,rs1008974,0.575505,0.750248,0.99841
8.25905606.T.G,8,25905606,T,G,rs10105669,0.575507,0.751545,0.997722
8.25905963.G.T,8,25905963,G,T,rs28416181,0.575508,0.751589,0.997635
8.25906097.G.C,8,25906097,G,C,rs2874611,0.575508,0.751546,0.997618
8.25908797.G.A,8,25908797,G,A,rs4871964,0.575514,0.750046,0.996641
8.26011922.T.C,8,26011922,T,C,rs58429174,0.577164,0.734459,0.994991
8.26013917.A.G,8,26013917,A,G,rs7003131,0.577169,0.734689,0.994688
8.26015518.A.G,8,26015518,A,G,rs12679853,0.577174,0.734617,0.99595
8.26016121.T.C,8,26016121,T,C,rs73231803,0.577177,0.734634,0.995841
8.26016525.C.T,8,26016525,C,T,rs73231804,0.57718,0.734025,0.995995
8.26019753.TTTGTTG.T,8,26019753,TTTGTTG,T,rs576785922,0.5772,0.999857,0.888441
8.26020517.A.G,8,26020517,A,G,rs9650416,0.577206,0.735088,0.997153
8.26022075.A.G,8,26022075,A,G,rs17243549,0.577218,0.735148,0.99787
8.26022454.ATCAC.A,8,26022454,ATCAC,A,rs138570975,0.577222,0.735695,0.995801
8.26022471.G.A,8,26022471,G,A,rs55833661,0.577222,0.735087,0.998082
8.26023221.A.T,8,26023221,A,T,rs201484150,0.577231,0.757296,0.963015
8.26023222.A.T,8,26023222,A,T,rs35831785,0.577231,0.663484,0.959816
8.26023648.A.C,8,26023648,A,C,rs17832528,0.577239,0.735135,0.999267
8.26024036.T.C,8,26024036,T,C,rs12155898,0.577246,0.735071,1.0
8.26024889.G.A,8,26024889,G,A,rs4298492,0.577271,0.734821,0.992881
8.26111040.G.A,8,26111040,G,A,rs118053167,0.579311,0.963539,0.977711
8.26115803.G.A,8,26115803,G,A,rs73215676,0.579406,0.96371,1.0
8.26127884.T.C,8,26127884,T,C,rs189583044,0.579561,0.966849,0.97826
8.26148639.T.C,8,26148639,T,C,rs10093927,0.579818,0.697506,0.992363
8.26228871.G.GT,8,26228871,G,GT,rs758191963,0.579987,0.751443,0.847718
8.26376855.C.A,8,26376855,C,A,rs4872450,0.5822,0.748154,0.996681
8.26380059.T.C,8,26380059,T,C,rs12680365,0.582214,0.748476,0.99576
8.26398643.A.C,8,26398643,A,C,rs1899494,0.582251,0.739452,0.995208
8.26400135.C.G,8,26400135,C,G,rs10107066,0.582251,0.753542,0.995682
8.26408071.TAAATATAA.T,8,26408071,TAAATATAA,T,rs147300426,0.582258,0.754731,0.98961
9.135933122.T.C,9,135933122,T,C,rs2073821,1.65632,0.901555,1.0
9.136091544.A.G,9,136091544,A,G,rs571926030,1.6608,0.997987,0.701293
9.136098920.A.G,9,136098920,A,G,rs4486266,1.66091,0.132046,0.9933
9.136376932.C.T,9,136376932,C,T,rs180750146,1.6652,0.994987,0.723459
9.136455049.T.C,9,136455049,T,C,rs115271240,1.67196,0.999856,0.719985
9.136460025.T.C,9,136460025,T,C,rs10821576,1.67212,0.821897,0.999799
9.136460220.A.G,9,136460220,A,G,rs10821577,1.67212,0.82188,1.0
9.136464272.T.C,9,136464272,T,C,rs55873830,1.67216,0.821979,0.995887
9.136464669.T.A,9,136464669,T,A,rs2318357,1.67216,0.821986,0.995231
9.136464843.A.ATG,9,136464843,A,ATG,9:136464843_ATG_A,1.67216,0.695308,0.987127
9.136465095.G.GTGTC,9,136465095,G,GTGTC,rs781185117,1.67216,0.822662,0.990929
9.136486784.G.A,9,136486784,G,A,rs188937320,1.67412,0.954774,0.823707
9.136490390.T.C,9,136490390,T,C,rs577630393,1.67434,0.996985,0.749994
9.136501609.T.G,9,136501609,T,G,rs562042962,1.67456,0.997779,0.852183
9.136501756.C.G,9,136501756,C,G,rs3025380,1.67456,0.99565,1.0
9.136507300.T.C,9,136507300,T,C,rs201969575,1.67474,0.994666,0.96827
9.136507332.A.G,9,136507332,A,G,rs142383279,1.67474,0.998153,1.0
9.136522274.T.C,9,136522274,T,C,rs6271,1.67593,0.92616,1.0
9.136535677.A.G,9,136535677,A,G,rs10993958,1.67612,0.920284,0.951131
9.35748929.G.A,9,35748929,G,A,rs142476376,0.605378,0.99391,0.841026
9.35906471.T.C,9,35906471,T,C,rs76452347,0.60658,0.795449,0.925588
9.66478956.T.C,9,66478956,T,C,9:66478956_C_T,0.804517,0.997828,0.796637
9.66493982.C.G,9,66493982,C,G,rs551500129,0.805136,0.998782,0.779008
9.66505312.TCA.T,9,66505312,TCA,T,rs558191751,0.805603,0.993219,0.669727
9.66527889.C.G,9,66527889,C,G,rs546580602,0.806239,0.998897,0.847823
9.66528359.T.C,9,66528359,T,C,rs558818130,0.806249,0.998812,0.652144
9.66571010.T.G,9,66571010,T,G,rs561349492,0.807097,0.998491,0.704293
9.66576807.G.A,9,66576807,G,A,rs12377571,0.807213,0.994491,0.76505
9.66579358.A.G,9,66579358,A,G,rs571318866,0.807226,0.998032,0.823938
9.66602507.G.A,9,66602507,G,A,rs566349504,0.807226,0.99778,0.649339
9.66674845.T.C,9,66674845,T,C,rs587659200,0.807226,0.998747,0.784229
9.66680646.G.A,9,66680646,G,A,rs587712026,0.807226,0.997904,0.70556
9.66702220.C.T,9,66702220,C,T,9:66702220_T_C,0.807226,0.998454,0.733282
9.66730975.A.G,9,66730975,A,G,rs534177325,0.807396,0.998654,0.712423
9.66736145.T.G,9,66736145,T,G,rs577377076,0.807434,0.998749,0.791489
9.66741864.G.A,9,66741864,G,A,rs545577681,0.807475,0.998032,0.823961
9.66744026.G.A,9,66744026,G,A,rs565577771,0.807491,0.998739,0.664034
9.66757939.A.G,9,66757939,A,G,rs555092409,0.807592,0.996561,0.619962
9.66758994.C.G,9,66758994,C,G,rs542755098,0.8076,0.998135,0.648972
9.66758995.T.C,9,66758995,T,C,rs561329022,0.8076,0.998135,0.648972
9.66759207.T.C,9,66759207,T,C,rs556420531,0.807601,0.998751,0.79852
9.66770343.C.T,9,66770343,C,T,rs560539528,0.807682,0.998743,0.67362
9.66770344.A.T,9,66770344,A,T,rs531243708,0.807682,0.998745,0.675195
9.66785860.C.A,9,66785860,C,A,rs552656355,0.807793,0.96591,0.614363
9.66797012.T.G,9,66797012,T,G,rs532445947,0.807874,0.998142,0.758706
9.66797014.T.C,9,66797014,T,C,rs540866233,0.807874,0.998142,0.758706
10.106291923.T.C,10,106291923,T,C,rs576629818,1.31685,0.990578,0.986464
10.106322283.G.A,10,106322283,G,A,rs556058784,1.31695,0.990566,0.977594
10.106326275.TG.T,10,106326275,TG,T,rs550966207,1.31713,0.990644,0.953952
10.106520975.C.A,10,106520975,C,A,rs181200083,1.31854,0.990513,0.94029
10.106805351.T.A,10,106805351,T,A,rs540369678,1.31934,0.990461,0.968522
10.114754071.C.T,10,114754071,C,T,rs34872471,1.39787,0.708624,0.993944
10.114754088.C.T,10,114754088,C,T,rs7901695,1.39787,0.691011,0.992269
10.114754784.C.T,10,114754784,C,T,rs35198068,1.39788,0.708971,0.996163
10.114756041.T.A,10,114756041,T,A,rs4506565,1.39789,0.687805,1.0
10.114758349.T.C,10,114758349,T,C,rs7903146,1.39789,0.70955,1.0
10.114774433.C.A,10,114774433,C,A,rs36090025,1.39793,0.700111,0.99508
10.114782581.GCT.G,10,114782581,GCT,G,rs10659211,1.39793,0.700175,0.993608
10.114785424.A.G,10,114785424,A,G,rs7074440,1.39795,0.700151,0.995141
10.114788815.C.T,10,114788815,C,T,rs12243326,1.39796,0.717812,1.0
10.114791490.T.C,10,114791490,T,C,rs12260037,1.39797,0.716753,0.998097
10.114798893.A.T,10,114798893,A,T,rs61872784,1.39797,0.718444,0.998017
10.114799172.G.A,10,114799172,G,A,rs56087297,1.39797,0.718644,0.998254
10.115054227.G.GA,10,115054227,G,GA,10:115054227_GA_G,1.40491,0.929967,0.987213
10.115679646.C.G,10,115679646,C,G,rs11196540,1.41254,0.970019,0.953588
10.115702428.A.AAT,10,115702428,A,AAT,10:115702428_AAT_A,1.4138,0.999614,0.757656
10.115704708.C.G,10,115704708,C,G,rs74157554,1.41433,0.999705,0.825358
10.115708770.GA.G,10,115708770,GA,G,rs11453111,1.41482,0.330219,0.915531
10.115711255.A.AT,10,115711255,A,AT,10:115711255_AT_A,1.41492,0.281455,0.943071
10.115720514.C.G,10,115720514,C,G,rs151597,1.415,0.328291,0.98802
10.115721364.G.A,10,115721364,G,A,rs460718,1.415,0.328357,0.989871
10.115721369.T.G,10,115721369,T,G,rs466328,1.415,0.328273,0.989935
10.115721428.G.C,10,115721428,G,C,rs462536,1.415,0.32845,0.98963
10.115721430.G.T,10,115721430,G,T,rs467173,1.415,0.328467,0.989575
10.115722411.G.A,10,115722411,G,A,rs180940,1.41501,0.328106,0.99086
10.115724039.A.G,10,115724039,A,G,rs151599,1.41501,0.328066,0.991567
10.115741451.A.G,10,115741451,A,G,rs143005354,1.41504,0.990019,0.94849
10.115789375.T.C,10,115789375,T,C,rs7076938,1.41595,0.264817,0.989843
10.115792062.A.G,10,115792062,A,G,rs2484294,1.41595,0.264818,0.989622
10.115792787.A.G,10,115792787,A,G,rs740746,1.41595,0.264951,0.98953
10.115798895.G.A,10,115798895,G,A,rs2773469,1.41597,0.264958,0.989001
10.115805056.C.G,10,115805056,C,G,rs1801253,1.41598,0.262343,0.985843
10.115830718.G.C,10,115830718,G,C,rs4918889,1.41622,0.826456,0.989545
10.115831533.G.A,10,115831533,G,A,rs68122733,1.41622,0.826541,0.989877
10.115844949.T.C,10,115844949,T,C,rs686239,1.41641,0.856331,0.975195
10.115850375.A.C,10,115850375,A,C,rs11196628,1.41663,0.822987,0.993369
10.115853630.T.C,10,115853630,T,C,rs677062,1.4167,0.822808,0.994186
10.115853827.A.G,10,115853827,A,G,rs148260794,1.4167,0.969409,0.969974
10.115864780.T.G,10,115864780,T,G,rs594751,1.41672,0.817681,0.997798
10.115873670.C.T,10,115873670,C,T,rs582413,1.41672,0.818626,0.997512
10.115875026.T.G,10,115875026,T,G,rs2782977,1.41672,0.818536,0.997873
10.115894242.C.T,10,115894242,C,T,rs643148,1.41672,0.814916,1.0
10.115901572.C.G,10,115901572,C,G,rs609333,1.41674,0.815283,0.998446
10.115909057.C.T,10,115909057,C,T,rs72823046,1.41674,0.817423,0.997009
10.115918789.A.G,10,115918789,A,G,rs12411734,1.41674,0.817399,0.99755
10.115920298.T.C,10,115920298,T,C,rs675298,1.41674,0.817232,0.997944
10.115930251.A.T,10,115930251,A,T,rs11196647,1.41674,0.815053,0.995192
10.115936546.T.G,10,115936546,T,G,rs601303,1.41675,0.812992,0.997514
10.115936797.G.A,10,115936797,G,A,rs600295,1.41675,0.813076,0.99694
10.115951813.AT.A,10,115951813,AT,A,rs555096678,1.41681,0.820563,0.966607
10.115959622.G.A,10,115959622,G,A,rs2616657,1.41681,0.812806,0.997979
10.115960479.C.A,10,115960479,C,A,rs2447634,1.41681,0.814738,0.999308
10.115962953.G.A,10,115962953,G,A,rs17091414,1.41681,0.812698,0.998759
10.115965449.T.G,10,115965449,T,G,rs1329829,1.41681,0.81467,1.0
10.115978429.T.C,10,115978429,T,C,rs642602,1.41684,0.814696,0.998096
10.115996660.A.G,10,115996660,A,G,rs654445,1.41684,0.8128,0.997831
10.116008250.C.A,10,116008250,C,A,rs639813,1.41685,0.810678,0.992563
10.116008299.T.C,10,116008299,T,C,rs639870,1.41685,0.814692,0.996418
10.18421314.G.A,10,18421314,G,A,rs11591541,0.426225,0.842184,0.98905
10.18434190.G.C,10,18434190,G,C,rs2840320,0.42629,0.566555,0.991231
10.18434342.A.AT,10,18434342,A,AT,10:18434342_AT_A,0.426291,0.565925,0.987775
10.18435016.T.C,10,18435016,T,C,rs1331330,0.426295,0.566513,0.992516
10.18435405.A.AT,10,18435405,A,AT,10:18435405_AT_A,0.426297,0.712804,0.96961
10.18436515.T.C,10,18436515,T,C,rs10734038,0.426302,0.568407,0.993223
10.18438572.C.G,10,18438572,C,G,rs10828269,0.426321,0.570057,0.996548
10.18439022.A.C,10,18439022,A,C,rs11592100,0.426323,0.780281,0.993309
10.18440444.A.G,10,18440444,A,G,rs1888693,0.426328,0.657786,0.997462
10.18440733.C.T,10,18440733,C,T,rs10764325,0.426329,0.569899,1.0
10.18442482.T.C,10,18442482,T,C,rs10740993,0.426339,0.569195,0.998249
10.18443726.C.T,10,18443726,C,T,rs10828277,0.426349,0.567159,0.99701
10.18445088.A.G,10,18445088,A,G,rs10740995,0.426355,0.569841,0.996067
10.18448062.C.T,10,18448062,C,T,rs10764326,0.426366,0.585262,0.994296
10.18448109.C.T,10,18448109,C,T,rs10740996,0.426366,0.585311,0.994107
10.18448848.T.G,10,18448848,T,G,rs10764327,0.426383,0.585879,0.994596
10.18449355.T.G,10,18449355,T,G,rs10828280,0.426397,0.585817,0.994577
10.18450581.C.G,10,18450581,C,G,rs10764329,0.426405,0.586299,0.995195
10.18451836.G.A,10,18451836,G,A,rs10764331,0.426411,0.587017,0.99382
10.18451969.C.A,10,18451969,C,A,rs10764332,0.426411,0.586062,0.995014
10.18452276.A.AT,10,18452276,A,AT,rs200571859,0.426412,0.586546,0.9941
10.18454042.T.A,10,18454042,T,A,rs2183719,0.426418,0.576658,0.995635
10.18454472.G.A,10,18454472,G,A,rs2183718,0.426419,0.576491,0.995493
10.18457426.TTGTGTGTGTG.T,10,18457426,TTGTGTGTGTG,T,rs111401264,0.426427,0.955328,0.931623
10.18471750.C.CA,10,18471750,C,CA,10:18471750_CA_C,0.426525,0.701555,0.959616
10.18715942.C.T,10,18715942,C,T,rs150446556,0.430615,0.714116,0.992047
10.18720845.T.C,10,18720845,T,C,rs11014204,0.43068,0.720976,0.994268
10.18726054.A.G,10,18726054,A,G,rs7070847,0.430773,0.716067,0.995009
10.18727959.G.C,10,18727959,G,C,rs12258967,0.430858,0.702306,1.0
10.18732762.A.G,10,18732762,A,G,rs10764499,0.430915,0.670735,0.987663
10.18734527.C.CGA,10,18734527,C,CGA,10:18734527_CGA_C,0.43093,0.672525,0.978944
10.18734824.A.G,10,18734824,A,G,rs56949798,0.430931,0.670546,0.986854
10.18736974.A.G,10,18736974,A,G,rs11014267,0.430937,0.67351,0.986493
10.18737135.A.G,10,18737135,A,G,rs116936375,0.430937,0.962107,1.0
10.18740632.T.C,10,18740632,T,C,rs12243859,0.430953,0.670748,0.985567
10.18745174.A.C,10,18745174,A,C,rs11014313,0.43098,0.669603,0.983478
10.18750045.G.A,10,18750045,G,A,rs12256244,0.431015,0.627981,0.983006
10.18750095.A.G,10,18750095,A,G,rs12247582,0.431016,0.628103,0.983028
10.63424211.GA.G,10,63424211,GA,G,rs139899765,0.853869,0.844156,0.974452
10.63425409.C.G,10,63425409,C,G,rs145104304,0.853872,0.842953,0.99046
10.63433490.A.G,10,63433490,A,G,rs60457246,0.853891,0.842948,0.991215
10.63444217.A.C,10,63444217,A,C,rs72821787,0.853915,0.843187,0.993813
10.63444428.A.G,10,63444428,A,G,rs72821788,0.853916,0.843161,0.993022
10.63463481.TCA.T,10,63463481,TCA,T,rs151225441,0.853961,0.854146,0.974444
10.63469908.G.A,10,63469908,G,A,rs60129878,0.853996,0.846442,0.998835
10.63472634.C.G,10,63472634,C,G,rs111830174,0.854045,0.84649,0.997281
10.63474509.T.G,10,63474509,T,G,rs140151858,0.854112,0.84641,0.996428
10.63476101.G.A,10,63476101,G,A,rs72823804,0.85417,0.846431,0.995965
10.63482165.A.C,10,63482165,A,C,rs72823813,0.854187,0.846574,0.996286
10.63484589.C.A,10,63484589,C,A,rs72823817,0.854187,0.846571,0.996302
10.63486348.C.T,10,63486348,C,T,rs72823821,0.854187,0.846544,0.996322
10.63486969.C.T,10,63486969,C,T,rs61564865,0.854187,0.846543,0.996317
10.63492175.G.A,10,63492175,G,A,rs72823827,0.854203,0.846534,0.996298
10.63499951.C.T,10,63499951,C,T,rs57946343,0.85424,0.84815,0.996342
10.63511306.A.G,10,63511306,A,G,rs57541197,0.854289,0.854179,0.997624
10.63515681.G.T,10,63515681,G,T,rs72831343,0.854301,0.854276,0.998611
10.63518378.T.C,10,63518378,T,C,rs72831344,0.854308,0.854216,0.998632
10.63518748.A.G,10,63518748,A,G,rs72831345,0.854309,0.854296,0.998925
10.63921697.G.A,10,63921697,G,A,rs4979770,0.860473,0.45077,0.992326
10.63940452.C.A,10,63940452,C,A,rs3125729,0.860525,0.449525,0.987933
10.63941939.G.A,10,63941939,G,A,rs10821967,0.860556,0.387916,0.986779
10.64552934.G.A,10,64552934,G,A,rs1848797,0.867474,0.601848,1.0
10.64564892.T.G,10,64564892,T,G,rs2236295,0.867591,0.596704,0.989993
10.64564934.G.C,10,64564934,G,C,rs10995311,0.867591,0.554569,0.989553
10.96009182.TA.T,10,96009182,TA,T,rs543302184,1.23125,0.582906,0.974731
10.96014622.G.C,10,96014622,G,C,rs10786156,1.23126,0.567644,0.998389
10.96015793.G.C,10,96015793,G,C,rs3891783,1.23126,0.567657,0.99839
10.96023077.C.T,10,96023077,C,T,rs57866767,1.23127,0.56765,0.998508
10.96026184.C.CA,10,96026184,C,CA,10:96026184_CA_C,1.23127,0.568237,0.994818
10.96038686.A.G,10,96038686,A,G,rs11187838,1.23127,0.568003,0.998846
11.100581320.A.G,11,100581320,A,G,rs1234988,1.09282,0.274564,0.979206
11.100585807.C.T,11,100585807,C,T,rs2455569,1.09283,0.274849,0.986105
11.100593538.C.G,11,100593538,C,G,rs633185,1.09284,0.284964,0.986728
11.100610546.C.T,11,100610546,C,T,rs604723,1.09284,0.275646,0.985312
11.107054642.A.G,11,107054642,A,G,rs7926602,1.14661,0.473516,1.0
11.107057190.C.T,11,107057190,C,T,rs12807950,1.14663,0.498738,0.995815
11.107059702.T.TA,11,107059702,T,TA,11:107059702_TA_T,1.14664,0.475517,0.984166
11.107059979.A.T,11,107059979,A,T,rs7949240,1.14665,0.513896,0.99702
11.107063805.A.G,11,107063805,A,G,rs7129056,1.14667,0.513832,0.997451
11.107071834.CA.C,11,107071834,CA,C,rs35871855,1.1467,0.510414,0.996885
11.107073286.G.A,11,107073286,G,A,rs11608075,1.14671,0.510481,0.998138
11.107075997.G.A,11,107075997,G,A,rs4347355,1.14671,0.512081,0.998119
11.107081841.T.C,11,107081841,T,C,rs7951348,1.14672,0.51226,0.998792
11.107085318.C.T,11,107085318,C,T,rs7925132,1.14673,0.510599,1.0
11.107086123.A.G,11,107086123,A,G,rs7117780,1.14673,0.510683,0.99941
11.107088692.T.C,11,107088692,T,C,rs1907400,1.14674,0.512083,0.998586
11.107091068.T.TC,11,107091068,T,TC,11:107091068_TC_T,1.14677,0.507616,0.98903
11.107091429.TTG.T,11,107091429,TTG,T,rs142065594,1.14678,0.510417,0.992989
11.107091855.T.A,11,107091855,T,A,rs4753788,1.14678,0.511713,0.995495
11.107095179.C.T,11,107095179,C,T,rs4754195,1.14681,0.447646,0.996459
11.107096777.G.A,11,107096777,G,A,rs4754196,1.14681,0.516435,0.996451
11.107126353.A.G,11,107126353,A,G,rs11212104,1.14687,0.43503,0.996262
11.107128909.A.G,11,107128909,A,G,rs10789588,1.14689,0.43179,0.995318
11.107137112.T.C,11,107137112,T,C,rs7931436,1.14708,0.491615,0.998544
11.107137603.G.A,11,107137603,G,A,rs10789590,1.14708,0.491539,0.998944
11.107137727.G.GAA,11,107137727,G,GAA,11:107137727_GAA_G,1.14708,0.491089,0.998616
11.107137917.A.G,11,107137917,A,G,rs1388168,1.14708,0.491079,0.999084
11.107140077.A.G,11,107140077,A,G,rs12224337,1.14709,0.490886,1.0
11.107321156.T.C,11,107321156,T,C,rs568546,1.14744,0.479485,0.988595
11.116623213.T.TA,11,116623213,T,TA,11:116623213_TA_T,1.26037,0.139283,0.997044
11.116648917.C.G,11,116648917,C,G,rs964184,1.26043,0.132082,1.0
11.120060673.C.T,11,120060673,C,T,rs7116997,1.31127,0.546704,0.988869
11.120144571.A.C,11,120144571,A,C,rs138488120,1.31346,0.961504,0.967256
11.120144833.A.G,11,120144833,A,G,rs533042277,1.31346,0.955099,0.959593
11.120364813.G.C,11,120364813,G,C,rs180674382,1.31655,0.99859,0.858132
11.120367149.T.C,11,120367149,T,C,rs180959240,1.31675,0.997976,0.696872
11.120374227.G.T,11,120374227,G,T,rs562502158,1.31736,0.998926,0.853972
11.120874665.T.C,11,120874665,T,C,rs555799904,1.33466,0.998869,0.675487
11.120948737.C.T,11,120948737,C,T,rs566153471,1.33482,0.997285,0.843838
11.121540770.C.CT,11,121540770,C,CT,rs146198303,1.34403,0.733009,0.738145
11.121664898.AT.A,11,121664898,AT,A,rs199536063,1.3469,0.898226,0.930714
11.121665094.G.A,11,121665094,G,A,rs78172499,1.3469,0.887774,0.965488
11.121670332.G.C,11,121670332,G,C,rs540842952,1.34697,0.998965,0.868461
11.122502842.G.A,11,122502842,G,A,rs11600607,1.35833,0.878383,0.992366
11.122502862.C.T,11,122502862,C,T,rs58371529,1.35833,0.878598,0.994208
11.122502970.A.G,11,122502970,A,G,rs17246732,1.35833,0.878634,0.994062
11.122503323.G.A,11,122503323,G,A,rs17337892,1.35834,0.87854,0.993247
11.122503351.C.G,11,122503351,C,G,rs17337899,1.35834,0.87854,0.993238
11.122503438.T.C,11,122503438,T,C,rs61911494,1.35834,0.87854,0.993179
11.122503535.G.T,11,122503535,G,T,rs61911495,1.35834,0.878506,0.993
11.122503547.C.A,11,122503547,C,A,rs61911496,1.35834,0.878508,0.992983
11.122503583.A.G,11,122503583,A,G,rs61911497,1.35834,0.878404,0.99312
11.122506129.G.C,11,122506129,G,C,rs12577260,1.35835,0.876058,0.99319
11.122519281.G.T,11,122519281,G,T,rs11602323,1.35839,0.876886,0.992294
11.122519352.A.G,11,122519352,A,G,rs11600178,1.35839,0.877214,0.99359
11.122519979.A.C,11,122519979,A,C,rs7121365,1.35839,0.876756,0.994804
11.122520060.A.AC,11,122520060,A,AC,11:122520060_AC_A,1.35839,0.876736,0.99139
11.122520528.C.G,11,122520528,C,G,rs1945392,1.35839,0.876376,0.994784
11.122520558.G.A,11,122520558,G,A,rs1945393,1.35839,0.876094,0.993541
11.122521105.T.C,11,122521105,T,C,rs12574322,1.35839,0.879817,0.99601
11.122521123.T.C,11,122521123,T,C,rs12574332,1.35839,0.879803,0.995979
11.122524668.G.A,11,122524668,G,A,rs61911502,1.3584,0.879933,0.995886
11.122524741.A.G,11,122524741,A,G,rs61911503,1.3584,0.880191,0.996829
11.122524967.G.A,11,122524967,G,A,rs57812455,1.3584,0.8725,0.996536
11.122527212.C.G,11,122527212,C,G,rs7129204,1.35841,0.880013,0.994393
11.1874072.A.G,11,1874072,A,G,rs907611,0.0454922,0.68395,1.0
11.1874292.A.G,11,1874292,A,G,rs907613,0.0454955,0.684003,0.998809
11.1875067.A.G,11,1875067,A,G,rs11041476,0.0455042,0.684474,0.996842
11.1876157.A.G,11,1876157,A,G,rs56014530,0.0455163,0.678437,0.994115
11.1876867.T.C,11,1876867,T,C,rs61868760,0.0455242,0.678078,0.993072
11.1876945.A.G,11,1876945,A,G,rs61868761,0.0455251,0.678134,0.993102
11.1877274.T.C,11,1877274,T,C,rs11041487,0.0455287,0.678032,0.992879
11.1879101.G.C,11,1879101,G,C,rs7943060,0.045549,0.660564,0.990055
11.1879326.T.C,11,1879326,T,C,rs55840650,0.0455516,0.678397,0.99233
11.1880596.G.C,11,1880596,G,C,rs7929314,0.0455657,0.660069,0.991646
11.1887068.G.T,11,1887068,G,T,rs569550,0.0456378,0.61179,0.992075
11.1888614.T.C,11,1888614,T,C,rs4980379,0.0456548,0.635087,0.993325
11.1891722.T.C,11,1891722,T,C,rs686722,0.0456886,0.645486,0.997452
11.1892585.A.G,11,1892585,A,G,rs4980389,0.0456978,0.620549,1.0
11.1892930.A.G,11,1892930,A,G,rs562434,0.0457015,0.645415,0.998842
11.1894730.TGGAG.T,11,1894730,TGGAG,T,rs143957137,0.0457209,0.645273,0.979926
11.1895708.A.C,11,1895708,A,C,rs4980386,0.0457314,0.621093,0.995004
11.1896957.C.G,11,1896957,C,G,rs588321,0.0457448,0.620832,0.993413
11.1898664.C.T,11,1898664,C,T,rs1973765,0.0457631,0.612764,0.992109
11.65501060.T.TA,11,65501060,T,TA,11:65501060_TA_T,0.738737,0.481801,0.958335
11.65560620.T.C,11,65560620,T,C,rs642803,0.738888,0.535617,0.993459
11.65561468.T.C,11,65561468,T,C,rs644740,0.738892,0.536202,0.993841
11.65566719.G.T,11,65566719,G,T,rs557675,0.738913,0.53085,0.993604
11.9764832.A.C,11,9764832,A,C,rs10840298,0.197568,0.356926,0.998772
11.9765503.T.A,11,9765503,T,A,rs4910498,0.197568,0.357224,0.999006
11.9769562.G.C,11,9769562,G,C,rs415895,0.197568,0.355287,1.0
11.9770250.AG.A,11,9770250,AG,A,rs34552339,0.197568,0.351145,0.999545
11.9770910.C.T,11,9770910,C,T,rs10770059,0.19757,0.351136,0.999004
11.9771687.C.G,11,9771687,C,G,rs6483656,0.197575,0.356832,0.997292
11.9775091.G.A,11,9775091,G,A,rs360139,0.197581,0.359742,0.994329
11.9776567.A.C,11,9776567,A,C,rs360140,0.197582,0.357099,0.995655
11.9777657.T.TG,11,9777657,T,TG,11:9777657_TG_T,0.197589,0.359576,0.991092
11.9777699.T.TC,11,9777699,T,TC,11:9777699_TC_T,0.197591,0.360196,0.989965
11.9779277.A.C,11,9779277,A,C,rs4910499,0.19764,0.368143,0.988537
12.111865049.G.C,12,111865049,G,C,rs7310615,1.3026,0.481906,0.986398
12.111884608.C.T,12,111884608,C,T,rs3184504,1.3026,0.482156,1.0
12.111904371.A.T,12,111904371,A,T,rs4766578,1.3026,0.495452,0.998633
12.111907431.AC.A,12,111907431,AC,A,rs35350651,1.3026,0.496078,0.998769
12.111910219.G.A,12,111910219,G,A,rs10774625,1.3026,0.49588,1.0
12.111932800.T.C,12,111932800,T,C,rs7137828,1.3026,0.483199,0.997488
12.111973358.G.A,12,111973358,G,A,rs597808,1.30262,0.483473,0.993731
12.112007756.T.C,12,112007756,T,C,rs653178,1.30262,0.482879,1.0
12.115552437.G.A,12,115552437,G,A,rs35444,1.35661,0.617452,1.0
12.115552878.C.G,12,115552878,C,G,rs35443,1.35662,0.617427,0.998901
12.115553115.T.C,12,115553115,T,C,rs35441,1.35663,0.617463,0.998735
12.115554085.AT.A,12,115554085,AT,A,rs11451130,1.35663,0.617267,0.997129
12.115554523.T.C,12,115554523,T,C,rs35436,1.35664,0.617372,0.997785
12.115555530.T.C,12,115555530,T,C,rs35432,1.35667,0.617656,0.995601
12.115555867.G.A,12,115555867,G,A,rs35429,1.35669,0.617184,0.993127
12.115556307.G.T,12,115556307,G,T,rs35427,1.35689,0.616365,0.950123
12.12739200.C.T,12,12739200,C,T,rs35523209,0.278352,0.993133,0.944628
12.12773128.A.T,12,12773128,A,T,rs34124644,0.27869,0.993147,0.940863
12.12872484.CA.C,12,12872484,CA,C,rs3093733,0.279907,0.713078,0.984169
12.12877983.G.A,12,12877983,G,A,rs77216612,0.279963,0.713376,0.996512
12.12878349.C.G,12,12878349,C,G,rs11055030,0.279966,0.713582,0.997872
12.12878572.C.CGGCCCCAGCCCCCGCGCCCGCCCGG,12,12878572,C,CGGCCCCAGCCCCCGCGCCCGCCCGG,rs765339001,0.279968,0.713393,0.994148
12.12878679.A.AT,12,12878679,A,AT,12:12878679_AT_A,0.279969,0.670339,0.935476
12.12878765.C.T,12,12878765,C,T,rs66561220,0.27997,0.713582,0.998971
12.12879254.G.T,12,12879254,G,T,rs7956514,0.279974,0.713861,1.0
12.12881055.G.A,12,12881055,G,A,rs72656645,0.27999,0.714093,0.998099
12.12887811.T.C,12,12887811,T,C,rs56692845,0.28005,0.715446,0.992146
12.12887977.T.C,12,12887977,T,C,rs10845621,0.280052,0.71561,0.992524
12.12888438.A.T,12,12888438,A,T,rs2024385,0.280056,0.572149,0.992486
12.12889125.C.A,12,12889125,C,A,rs79375472,0.280062,0.715477,0.991044
12.12889302.A.AAC,12,12889302,A,AAC,rs769089626,0.280063,0.575103,0.98113
12.12890155.AG.A,12,12890155,AG,A,rs36117426,0.280071,0.59287,0.960671
12.12890168.T.A,12,12890168,T,A,rs6488549,0.280071,0.571855,0.98484
12.12890626.A.C,12,12890626,A,C,rs11055034,0.280075,0.717968,0.987524
12.13268775.G.T,12,13268775,G,T,rs558475280,0.292469,0.999042,0.619142
12.13759638.A.G,12,13759638,A,G,rs117091055,0.301757,0.991575,0.975998
12.13807400.A.G,12,13807400,A,G,rs142722452,0.301848,0.99177,0.965761
12.48254353.A.T,12,48254353,A,T,rs117913411,0.614477,0.96572,0.961785
12.49190365.C.T,12,49190365,C,T,rs35355475,0.622497,0.943139,1.0
12.49190369.A.ATG,12,49190369,A,ATG,12:49190369_ATG_A,0.622497,0.94301,0.995567
12.49191236.G.A,12,49191236,G,A,rs77333652,0.622501,0.943089,0.995838
12.49191403.G.T,12,49191403,G,T,rs11837511,0.622501,0.94307,0.995706
12.49192199.CA.C,12,49192199,CA,C,rs571682674,0.622506,0.939268,0.970651
12.49192577.T.C,12,49192577,T,C,rs113627985,0.62251,0.943088,0.994858
12.49193027.C.G,12,49193027,C,G,rs12317021,0.622514,0.943191,0.997397
12.49215983.G.A,12,49215983,G,A,rs76519356,0.622771,0.913727,0.984988
12.49223541.G.A,12,49223541,G,A,rs17123349,0.62285,0.905182,1.0
12.49228650.T.G,12,49228650,T,G,rs34570300,0.622863,0.90628,0.99052
12.49255964.A.G,12,49255964,A,G,rs17123362,0.623071,0.938893,0.977838
12.54433483.C.A,12,54433483,C,A,rs12426667,0.68552,0.700149,0.98769
12.54434277.T.C,12,54434277,T,C,rs6580970,0.685529,0.701086,0.99051
12.54434813.CT.C,12,54434813,CT,C,rs11441170,0.685535,0.700432,0.986216
12.54434908.T.C,12,54434908,T,C,rs4759062,0.685536,0.701226,0.991694
12.54435716.G.A,12,54435716,G,A,rs67772913,0.685543,0.701617,0.99101
12.54437750.G.GTT,12,54437750,G,GTT,rs761608088,0.685563,0.721707,0.953878
12.54440348.A.G,12,54440348,A,G,rs7315688,0.685588,0.702236,0.994419
12.54440445.T.A,12,54440445,T,A,rs7315495,0.685589,0.701577,0.994527
12.54441498.T.C,12,54441498,T,C,rs7134677,0.685599,0.702692,0.995729
12.54443090.C.A,12,54443090,C,A,rs7297416,0.685615,0.701846,1.0
12.54443328.CT.C,12,54443328,CT,C,rs11418872,0.685636,0.308184,0.958095
12.54443718.C.A,12,54443718,C,A,rs10876531,0.68567,0.710553,0.988403
12.54443741.A.AAAC,12,54443741,A,AAAC,rs869073048,0.685672,0.708045,0.977748
12.54445218.CT.C,12,54445218,CT,C,rs11413924,0.685807,0.725981,0.948981
13.110871996.A.T,13,110871996,A,T,rs71440054,1.21237,0.724054,0.961794
13.110872277.A.G,13,110872277,A,G,rs1192195,1.21238,0.26707,0.933741
13.110872409.C.G,13,110872409,C,G,rs34966754,1.21238,0.608363,0.980285
13.110872429.AGT.A,13,110872429,AGT,A,rs35100507,1.21238,0.718592,0.969629
13.110873556.C.G,13,110873556,C,G,rs675605,1.21241,0.289185,1.0
13.110877046.G.A,13,110877046,G,A,rs630943,1.21246,0.26956,0.980468
13.110878672.C.T,13,110878672,C,T,rs4142040,1.21249,0.786543,0.953531
13.22294062.C.T,13,22294062,C,T,rs682681,0.0483637,0.333716,0.974633
13.22294082.G.C,13,22294082,G,C,rs682709,0.048364,0.33384,0.974172
13.22294117.T.C,13,22294117,T,C,rs483071,0.0483645,0.377361,0.975502
13.22294663.G.A,13,22294663,G,A,rs509012,0.0483724,0.333921,0.977262
13.22295868.C.G,13,22295868,C,G,rs620124,0.0483883,0.33407,0.980467
13.22297802.G.T,13,22297802,G,T,rs9552473,0.0484264,0.3414,0.984438
13.22298923.A.G,13,22298923,A,G,rs606950,0.0484542,0.386717,0.987707
13.22305769.G.T,13,22305769,G,T,rs688447,0.0484605,0.344379,0.994685
13.22309576.G.A,13,22309576,G,A,rs1810752,0.0484618,0.342986,0.994157
13.22312103.G.T,13,22312103,G,T,rs641015,0.0484642,0.344297,0.99437
13.22312653.A.G,13,22312653,A,G,rs638310,0.0484703,0.343026,0.993521
13.22314146.C.T,13,22314146,C,T,rs9506725,0.0485103,0.627834,1.0
13.22317923.G.T,13,22317923,G,T,rs631660,0.0486317,0.393795,0.993332
13.22318314.A.C,13,22318314,A,C,rs9509847,0.0486565,0.626939,0.993018
13.22318331.T.G,13,22318331,T,G,rs629929,0.0486576,0.393658,0.992088
13.22318352.T.C,13,22318352,T,C,rs506409,0.0486589,0.393468,0.991996
13.22318442.G.A,13,22318442,G,A,rs629445,0.0486646,0.393647,0.992299
13.22318497.T.C,13,22318497,T,C,rs507446,0.0486681,0.393542,0.992153
13.22318506.C.G,13,22318506,C,G,rs629042,0.0486687,0.393455,0.992012
13.22318711.C.A,13,22318711,C,A,rs628137,0.0486817,0.389055,0.992532
13.22318853.G.A,13,22318853,G,A,rs9506727,0.0486901,0.631264,0.992223
13.22319209.T.A,13,22319209,T,A,rs615567,0.0487113,0.61036,0.990621
13.22346924.G.A,13,22346924,G,A,rs569268595,0.0496116,0.999921,0.841922
14.50655357.C.G,14,50655357,C,G,rs72681869,0.436961,0.988982,1.0
15.61466208.C.T,15,61466208,C,T,rs11853392,0.841819,0.37419,0.995554
15.61466475.G.A,15,61466475,G,A,rs7170048,0.841824,0.37482,0.996194
15.61467308.A.G,15,61467308,A,G,rs4774389,0.841841,0.375942,1.0
15.61467353.T.A,15,61467353,T,A,rs10152663,0.841842,0.375481,0.999199
15.61467734.C.T,15,61467734,C,T,rs12914754,0.84185,0.376493,0.992997
15.61467804.T.A,15,61467804,T,A,rs12913585,0.841851,0.375851,0.995235
15.61467811.A.ATGTGGGGG,15,61467811,A,ATGTGGGGG,rs765800027,0.841851,0.376152,0.994191
15.61472606.C.T,15,61472606,C,T,rs1370430,0.841942,0.36053,1.0
15.61472687.T.C,15,61472687,T,C,rs1370431,0.841943,0.36052,0.999306
15.61475188.T.C,15,61475188,T,C,rs12324086,0.841959,0.358904,0.996913
15.61475316.C.T,15,61475316,C,T,rs12324625,0.841959,0.419589,0.993953
15.61475321.G.A,15,61475321,G,A,rs12324087,0.841959,0.358744,0.996542
15.61476936.C.T,15,61476936,C,T,rs4775373,0.84197,0.361357,0.993839
15.61477589.AG.A,15,61477589,AG,A,rs148672539,0.841974,0.358377,0.98993
15.61477590.TGACACC.T,15,61477590,TGACACC,T,rs372768304,0.841974,0.358377,0.98993
15.61477700.G.A,15,61477700,G,A,rs12440783,0.841975,0.357778,0.994058
15.91407275.C.A,15,91407275,C,A,rs4932372,1.19075,0.664484,0.993695
15.91418297.A.T,15,91418297,A,T,rs8032315,1.1908,0.676089,0.989762
15.91418394.T.C,15,91418394,T,C,rs8027450,1.1908,0.676128,0.989899
15.91420940.G.C,15,91420940,G,C,rs2071410,1.19081,0.673928,0.991
15.91420973.C.T,15,91420973,C,T,rs1573643,1.19081,0.665556,0.988306
15.91425232.T.C,15,91425232,T,C,rs6227,1.19083,0.673931,0.994272
15.91427612.A.G,15,91427612,A,G,rs12906125,1.19084,0.673705,0.993044
15.91427872.C.G,15,91427872,C,G,rs35346340,1.19084,0.672579,0.996158
15.91428521.C.CT,15,91428521,C,CT,rs764429222,1.19085,0.672563,1.0
15.91428955.T.C,15,91428955,T,C,rs1894400,1.19085,0.673916,0.999125
15.91429176.T.G,15,91429176,T,G,rs7497304,1.19085,0.673513,1.0
15.91429196.C.CCA,15,91429196,C,CCA,rs772992986,1.19085,0.673479,0.999453
15.91430617.A.G,15,91430617,A,G,rs2071384,1.19085,0.648997,0.983993
15.91430907.A.G,15,91430907,A,G,rs4932179,1.19086,0.648882,0.984362
15.91431255.A.G,15,91431255,A,G,rs4932374,1.19086,0.648263,0.984293
15.91431524.C.T,15,91431524,C,T,rs4533264,1.19086,0.648046,0.984385
15.91431807.GGGGCTGTTTT.G,15,91431807,GGGGCTGTTTT,G,rs113738722,1.19086,0.640589,0.976857
15.91433265.G.C,15,91433265,G,C,rs4932376,1.19087,0.646381,0.983878
15.91437388.T.A,15,91437388,T,A,rs2521501,1.19088,0.677341,0.983024
15.91439417.C.CAAAAACA,15,91439417,C,CAAAAACA,15:91439417_CAAAAACA_C,1.19095,0.67497,0.951574
15.91440926.C.G,15,91440926,C,G,rs8182016,1.191,0.646728,0.994848
15.91441086.C.T,15,91441086,C,T,rs1029420,1.191,0.386861,0.990454
15.91441207.T.C,15,91441207,T,C,rs2677737,1.19101,0.647296,0.998221
15.91441383.G.A,15,91441383,G,A,rs2521500,1.19101,0.647152,0.998967
15.91441673.A.G,15,91441673,A,G,rs2677738,1.19101,0.647448,1.0
15.91441678.T.G,15,91441678,T,G,rs2677739,1.19101,0.647261,0.999478
15.91441729.A.G,15,91441729,A,G,rs2521499,1.19101,0.647244,0.998924
15.91442152.T.A,15,91442152,T,A,rs2521498,1.19102,0.387048,0.989085
15.91443059.C.T,15,91443059,C,T,rs10744971,1.19102,0.613083,0.982841
16.20353027.CA.C,16,20353027,CA,C,rs35830321,0.401525,0.832781,0.989005
16.20355811.G.A,16,20355811,G,A,rs34262842,0.401542,0.833161,0.992741
16.20357281.T.C,16,20357281,T,C,rs12934455,0.40155,0.833135,0.993049
16.20358347.CT.C,16,20358347,CT,C,rs71149134,0.401556,0.833366,0.986004
16.20361950.T.C,16,20361950,T,C,rs36060036,0.401579,0.831964,0.994847
16.20365082.CT.C,16,20365082,CT,C,rs113878851,0.401608,0.827645,0.95487
16.20366731.CT.C,16,20366731,CT,C,rs777834943,0.40171,0.81615,0.966122
16.20392332.A.G,16,20392332,A,G,rs77924615,0.402113,0.802155,0.980338
16.4477006.C.A,16,4477006,C,A,rs3789037,0.0827932,0.118657,0.993266
16.4515334.G.C,16,4515334,G,C,rs6500609,0.0829616,0.114292,0.98795
16.4524988.T.C,16,4524988,T,C,rs4786499,0.0829736,0.114122,0.989103
16.4583698.TC.T,16,4583698,TC,T,rs71402544,0.0830397,0.887224,0.985859
16.4608652.A.AC,16,4608652,A,AC,rs766205108,0.0831701,0.880829,0.989101
16.4637530.C.CAAAA,16,4637530,C,CAAAA,rs761953005,0.0833383,0.0911414,0.961122
16.4774822.C.A,16,4774822,C,A,rs62036061,0.0848768,0.995733,1.0
16.4849705.T.C,16,4849705,T,C,rs11553876,0.0860385,0.859245,0.987487
16.4854257.A.G,16,4854257,A,G,rs193114315,0.0860532,0.99531,0.967043
16.4866519.G.C,16,4866519,G,C,rs181524898,0.0860911,0.99523,0.971258
16.4870413.C.T,16,4870413,C,T,rs185806323,0.086106,0.99715,0.960002
16.4877357.T.C,16,4877357,T,C,rs115841559,0.0861488,0.997137,0.95913
16.4880908.C.T,16,4880908,C,T,rs75256268,0.0861607,0.854397,0.996518
16.4881209.G.C,16,4881209,G,C,rs17630889,0.0861618,0.854435,0.99687
16.4884425.T.C,16,4884425,T,C,rs112924972,0.0861737,0.854695,0.997072
16.4889369.T.C,16,4889369,T,C,rs77491748,0.0861877,0.855326,0.9967
16.4890066.T.C,16,4890066,T,C,rs12444795,0.0861888,0.854889,0.996994
16.4896913.T.C,16,4896913,T,C,rs56040623,0.0861986,0.849417,0.995905
16.4897103.G.C,16,4897103,G,C,rs111601308,0.086199,0.844933,0.997582
16.4898252.C.G,16,4898252,C,G,rs78766103,0.0862013,0.855987,0.999037
16.4899247.G.C,16,4899247,G,C,rs79392591,0.0862034,0.853572,0.998575
16.4899394.T.G,16,4899394,T,G,rs75588955,0.0862038,0.854827,0.998933
16.4903243.T.C,16,4903243,T,C,rs8056889,0.0862128,0.526799,0.993806
16.4905127.G.T,16,4905127,G,T,rs79338890,0.0862173,0.641829,0.993693
16.4913761.C.A,16,4913761,C,A,rs8048709,0.0862479,0.522377,0.993771
16.4916348.C.T,16,4916348,C,T,rs2063101,0.086256,0.52211,0.994039
16.4918326.T.G,16,4918326,T,G,rs10500326,0.0862621,0.765461,0.995145
16.4919127.C.T,16,4919127,C,T,rs3813749,0.0862726,0.523006,0.9939
16.4920661.C.T,16,4920661,C,T,rs6500637,0.086304,0.635553,0.992388
16.4924160.G.A,16,4924160,G,A,rs12445265,0.0863116,0.855416,0.996221
16.4925114.C.T,16,4925114,C,T,rs117064643,0.0863138,0.99751,0.904136
16.4929392.G.A,16,4929392,G,A,rs2271135,0.0863286,0.852384,0.998511
16.4939422.AT.A,16,4939422,AT,A,rs558074929,0.0863941,0.773316,0.9893
16.4943033.T.G,16,4943033,T,G,rs75804753,0.0864081,0.85503,0.994577
16.4944256.T.C,16,4944256,T,C,rs77997837,0.0864138,0.780916,0.994409
16.51752707.T.C,16,51752707,T,C,rs34377482,0.614865,0.522343,0.994506
16.51752723.T.C,16,51752723,T,C,rs35490232,0.614865,0.48161,0.991424
16.51757242.G.A,16,51757242,G,A,rs34869093,0.614897,0.625174,0.993198
16.51758116.A.G,16,51758116,A,G,rs9932220,0.614901,0.781811,0.996113
16.51759252.C.T,16,51759252,C,T,rs12932686,0.614904,0.58464,0.993593
16.51761084.C.A,16,51761084,C,A,rs12920176,0.61491,0.589347,0.994347
16.51762808.AGAT.A,16,51762808,AGAT,A,rs71382367,0.614916,0.545216,0.985892
16.51770773.C.G,16,51770773,C,G,rs1461937,0.61495,0.337551,0.998939
16.51772569.A.C,16,51772569,A,C,rs1386074,0.614955,0.337582,0.999404
16.51774310.C.A,16,51774310,C,A,rs4784640,0.614958,0.337569,1.0
16.51774510.A.C,16,51774510,A,C,rs71386574,0.614958,0.704202,0.993542
16.51778655.A.G,16,51778655,A,G,rs3911748,0.614963,0.336804,0.99812
16.51787509.CA.C,16,51787509,CA,C,rs35892712,0.615031,0.33672,0.990572
16.51796232.C.A,16,51796232,C,A,rs533406515,0.615812,0.99361,0.747565
16.51828329.G.A,16,51828329,G,A,rs142076278,0.615995,0.985329,0.870312
16.51835275.C.T,16,51835275,C,T,rs149920009,0.616019,0.990402,0.892394
16.51872522.T.C,16,51872522,T,C,rs192668364,0.617152,0.995834,0.880971
16.52161933.C.T,16,52161933,C,T,rs112834574,0.622857,0.988304,0.964791
16.52276740.C.G,16,52276740,C,G,rs1125496,0.623599,0.829448,0.992244
16.52368553.G.T,16,52368553,G,T,rs561681769,0.624016,0.99456,0.844375
16.53314593.A.T,16,53314593,A,T,rs570866357,0.640764,0.997441,0.718202
16.53410853.T.A,16,53410853,T,A,rs146957595,0.643051,0.99821,0.930202
16.53429004.C.A,16,53429004,C,A,rs148918364,0.643294,0.997667,0.786318
16.53667012.T.C,16,53667012,T,C,rs138167506,0.644416,0.991569,0.953052
16.53800954.C.T,16,53800954,C,T,rs1421085,0.645971,0.597921,1.0
16.53802494.T.C,16,53802494,T,C,rs11642015,0.645978,0.597691,0.99969
16.81602212.G.A,16,81602212,G,A,rs12930850,1.04879,0.459999,0.994827
16.81602264.A.G,16,81602264,A,G,rs12929303,1.04879,0.465166,0.992711
16.81602499.A.G,16,81602499,A,G,rs11649004,1.04879,0.459841,0.994949
16.81602681.G.A,16,81602681,G,A,rs11644375,1.0488,0.459783,0.99524
16.81603235.C.T,16,81603235,C,T,rs8045875,1.0488,0.4466,0.996263
16.81603400.T.C,16,81603400,T,C,rs8045100,1.0488,0.459016,0.996937
16.81604251.C.T,16,81604251,C,T,rs4889341,1.04881,0.404575,0.99775
16.81604778.G.T,16,81604778,G,T,rs12931242,1.04882,0.459601,0.996626
16.81606569.G.C,16,81606569,G,C,rs12918645,1.04883,0.462134,0.994035
16.81607756.G.A,16,81607756,G,A,rs12924701,1.04884,0.446337,0.993127
16.81607833.C.T,16,81607833,C,T,rs4483835,1.04884,0.446771,0.993461
16.81607921.TG.T,16,81607921,TG,T,rs59164848,1.04884,0.418874,0.989996
16.81609375.C.T,16,81609375,C,T,rs9937613,1.04885,0.415243,0.989138
16.81609553.A.G,16,81609553,A,G,rs7189295,1.04885,0.420988,0.991261
16.81609598.G.T,16,81609598,G,T,rs7196195,1.04885,0.420711,0.990964
16.81609774.G.T,16,81609774,G,T,rs7196548,1.04885,0.447215,0.991615
16.81610196.C.T,16,81610196,C,T,rs11648151,1.04886,0.430525,0.988441
16.81610480.A.G,16,81610480,A,G,rs11642655,1.04886,0.435313,0.991759
16.81610598.T.A,16,81610598,T,A,rs12930698,1.04886,0.435181,0.988778
16.81610667.C.T,16,81610667,C,T,rs12934751,1.04886,0.455217,0.978682
16.81612541.T.C,16,81612541,T,C,rs6564890,1.04887,0.46327,0.99038
16.81613324.T.TAAAA,16,81613324,T,TAAAA,16:81613324_TAAAA_T,1.04888,0.462858,0.984365
17.44967530.A.G,17,44967530,A,G,rs75230966,0.694483,0.86728,0.937579
17.45013271.C.T,17,45013271,C,T,rs17608766,0.694755,0.852537,1.0
17.45017193.A.G,17,45017193,A,G,rs11874,0.694762,0.863134,0.999022
17.45036112.T.A,17,45036112,T,A,rs17677363,0.694794,0.86354,0.997824
17.45046368.A.C,17,45046368,A,C,rs76774446,0.694825,0.863827,0.99705
17.45055107.G.A,17,45055107,G,A,rs80335285,0.694924,0.863502,1.0
17.45091770.G.A,17,45091770,G,A,rs533030436,0.695107,0.87802,0.911402
17.47068986.G.T,17,47068986,G,T,rs11652684,0.707905,0.802975,1.0
17.47112117.C.A,17,47112117,C,A,rs376942435,0.708061,0.698947,0.991129
17.47112118.A.C,17,47112118,A,C,rs201992274,0.708061,0.699035,0.991339
17.47123423.C.T,17,47123423,C,T,rs4643373,0.708087,0.701496,0.995497
17.47135875.A.G,17,47135875,A,G,rs68085814,0.708101,0.701581,0.994165
17.47180062.ATG.A,17,47180062,ATG,A,rs113012051,0.709116,0.742566,0.954905
17.47190299.T.C,17,47190299,T,C,rs1916295,0.709131,0.833514,0.959817
17.47192620.A.G,17,47192620,A,G,rs11653468,0.709132,0.766287,1.0
17.47207658.T.C,17,47207658,T,C,rs72835405,0.709169,0.766,0.991456
17.47379486.C.T,17,47379486,C,T,rs34666276,0.712209,0.635519,0.995995
17.47398070.A.T,17,47398070,A,T,rs9889262,0.712214,0.635756,0.996754
17.47402807.T.C,17,47402807,T,C,rs12940887,0.712216,0.635829,0.996972
17.47404628.T.G,17,47404628,T,G,rs62076439,0.712221,0.635857,0.996735
17.47418178.A.G,17,47418178,A,G,rs35587648,0.71224,0.631647,0.997006
17.47422510.T.C,17,47422510,T,C,rs35073649,0.712242,0.631616,0.996903
17.47423740.T.C,17,47423740,T,C,rs7207729,0.712242,0.631668,0.996968
17.47423912.T.TCAAA,17,47423912,T,TCAAA,17:47423912_TCAAA_T,0.712242,0.631053,0.993264
17.47424681.A.C,17,47424681,A,C,rs6504608,0.712242,0.631669,0.99698
17.47439302.A.G,17,47439302,A,G,rs112502960,0.71227,0.636473,0.990261
17.47448346.A.G,17,47448346,A,G,rs12952581,0.712312,0.636688,0.99494
17.47450521.A.T,17,47450521,A,T,rs35317317,0.712325,0.623704,0.990713
17.47453444.G.A,17,47453444,G,A,rs12953014,0.712334,0.622865,0.988767
17.47454507.T.C,17,47454507,T,C,rs28406364,0.712338,0.623044,0.988086
17.47454515.T.G,17,47454515,T,G,rs28412876,0.712338,0.623151,0.988226
17.47461433.A.G,17,47461433,A,G,rs17637472,0.712365,0.598602,0.983432
17.61545779.T.C,17,61545779,T,C,rs6504163,0.886155,0.372625,0.984118
17.61547562.A.G,17,61547562,A,G,rs8077276,0.886161,0.374168,0.992359
17.61548476.A.G,17,61548476,A,G,rs4968782,0.886164,0.379317,0.995823
17.61548918.T.C,17,61548918,T,C,rs4277405,0.886166,0.373856,1.0
17.61548948.A.C,17,61548948,A,C,rs4459609,0.886166,0.378857,0.997488
17.61550729.A.C,17,61550729,A,C,rs4968783,0.886172,0.380841,0.993735
17.61554194.A.T,17,61554194,A,T,rs4291,0.886183,0.375602,0.990726
17.61554341.T.C,17,61554341,T,C,rs4292,0.886183,0.374941,0.988694
17.61556298.G.C,17,61556298,G,C,rs4295,0.88619,0.374956,0.98933
17.61559625.G.A,17,61559625,G,A,rs4308,0.886219,0.373552,0.987841
17.73824121.C.T,17,73824121,C,T,rs7210574,1.10366,0.672214,0.993363
17.73826406.C.G,17,73826406,C,G,rs2290769,1.10368,0.764825,0.997658
17.73828903.A.G,17,73828903,A,G,rs112267124,1.10369,0.765325,0.998619
17.73830996.T.C,17,73830996,T,C,rs17581728,1.1037,0.765036,1.0
17.73835180.CA.C,17,73835180,CA,C,rs558988054,1.10372,0.76798,0.977713
17.73837209.T.C,17,73837209,T,C,rs11868308,1.10373,0.764495,0.996668
17.73838108.A.G,17,73838108,A,G,rs11870078,1.10373,0.764459,0.997318
17.73838857.T.C,17,73838857,T,C,rs11870883,1.10374,0.76504,0.997724
17.73839214.C.G,17,73839214,C,G,rs3744008,1.10374,0.76492,0.997693
17.73839366.T.C,17,73839366,T,C,rs3744009,1.10374,0.744113,0.992909
17.73840243.A.G,17,73840243,A,G,rs3744010,1.10374,0.75556,1.0
17.73909948.T.C,17,73909948,T,C,rs55793071,1.10387,0.773007,0.999327
17.73926121.A.C,17,73926121,A,C,rs1135889,1.10388,0.772873,1.0
17.73934130.A.G,17,73934130,A,G,rs2608882,1.10389,0.773731,0.999752
17.73938356.CA.C,17,73938356,CA,C,rs59512794,1.1039,0.773671,0.999544
17.73943350.T.C,17,73943350,T,C,rs2168855,1.10391,0.775115,0.994861
17.73943942.A.G,17,73943942,A,G,rs1463486,1.10391,0.773661,0.999114
17.73949045.T.C,17,73949045,T,C,rs2467099,1.10392,0.773631,0.999014
17.73953404.C.T,17,73953404,C,T,rs11077798,1.10406,0.225735,0.979137
17.75316880.G.A,17,75316880,G,A,rs1436138,1.13414,0.641641,0.989482
17.7780709.T.G,17,7780709,T,G,rs7223364,0.202643,0.878999,1.0
17.7781019.C.T,17,7781019,C,T,rs74439044,0.202643,0.90366,0.999383
17.7783322.CAG.C,17,7783322,CAG,C,rs147435051,0.202645,0.903677,0.998366
17.7783335.AGA.A,17,7783335,AGA,A,rs397934496,0.202645,0.902648,0.96033
17.7785257.ACAGG.A,17,7785257,ACAGG,A,rs146808712,0.202668,0.903918,0.991488
17.7790048.A.C,17,7790048,A,C,rs55752997,0.202815,0.92783,1.0
17.7898537.G.T,17,7898537,G,T,rs79960344,0.203225,0.942233,0.96948
18.48788446.A.G,18,48788446,A,G,rs6508055,0.710805,0.775263,0.963279
18.48788464.C.T,18,48788464,C,T,rs10502917,0.710805,0.231685,0.96432
18.48789736.T.A,18,48789736,T,A,rs11082866,0.710817,0.702718,1.0
18.48790842.C.A,18,48790842,C,A,rs11082867,0.710827,0.692452,0.993464
18.48792829.T.C,18,48792829,T,C,rs72915163,0.710844,0.742033,0.976776
18.48799991.G.A,18,48799991,G,A,rs11876341,0.711046,0.690946,0.979572
18.48800307.A.C,18,48800307,A,C,rs8090393,0.711081,0.708379,0.979867
18.48804064.T.G,18,48804064,T,G,rs72915181,0.711193,0.763244,0.980148
18.48813004.C.T,18,48813004,C,T,rs4547431,0.71129,0.745698,0.993374
18.48827498.T.C,18,48827498,T,C,rs12709748,0.711334,0.745253,0.997131
18.48831360.T.G,18,48831360,T,G,rs2445471,0.711334,0.745363,0.998741
18.48832884.C.T,18,48832884,C,T,rs2445438,0.711337,0.745385,0.997628
18.48834364.T.C,18,48834364,T,C,rs2445448,0.71134,0.745292,0.998546
18.48835157.T.G,18,48835157,T,G,rs2262581,0.711342,0.745361,0.999084
18.48840753.A.G,18,48840753,A,G,rs2445454,0.711351,0.74872,0.995343
18.48844773.C.T,18,48844773,C,T,rs2442959,0.711351,0.745484,1.0
18.48845256.T.C,18,48845256,T,C,rs35124355,0.711351,0.7454,0.999334
18.48850704.T.C,18,48850704,T,C,rs874106,0.711351,0.745668,0.998353
18.48853128.A.G,18,48853128,A,G,rs2442955,0.711357,0.74547,0.998624
18.48862000.A.G,18,48862000,A,G,rs62094402,0.711359,0.996631,0.758999
18.48864058.A.G,18,48864058,A,G,rs2445473,0.711366,0.745453,0.997949
18.48875684.A.T,18,48875684,A,T,rs2955469,0.711403,0.746089,0.993668
18.48881418.C.T,18,48881418,C,T,rs2445462,0.711471,0.773642,0.985788
18.48945377.C.T,18,48945377,C,T,rs142894975,0.712279,0.995558,0.778635
18.49076087.G.A,18,49076087,G,A,rs55998628,0.715008,0.866799,0.937048
19.11526765.T.G,19,11526765,T,G,rs167479,0.328659,0.529674,1.0
19.17189786.A.G,19,17189786,A,G,rs1379281,0.420775,0.725059,0.995262
19.17196376.A.G,19,17196376,A,G,rs10408887,0.420786,0.725116,0.996104
19.17197012.G.A,19,17197012,G,A,rs7252102,0.420787,0.725122,0.996254
19.17198713.A.G,19,17198713,A,G,rs59243439,0.420794,0.720997,0.997252
19.17199314.C.T,19,17199314,C,T,rs11669463,0.420797,0.722602,0.994562
19.17204327.G.A,19,17204327,G,A,rs16981598,0.4208,0.722784,0.995328
19.17207156.G.T,19,17207156,G,T,rs10427132,0.420801,0.716667,0.998794
19.17207790.A.ACGCCCGGC,19,17207790,A,ACGCCCGGC,19:17207790_ACGCCCGGC_A,0.420802,0.810502,0.961636
19.17207851.A.G,19,17207851,A,G,rs55957788,0.420802,0.716765,0.99899
19.17208139.TAA.T,19,17208139,TAA,T,rs71334662,0.420802,0.801903,0.991427
19.17209858.T.G,19,17209858,T,G,rs10401600,0.420803,0.716747,0.999114
19.17210933.CA.C,19,17210933,CA,C,rs111847836,0.420803,0.808937,0.958448
19.17211670.C.T,19,17211670,C,T,rs16981622,0.420804,0.931792,1.0
19.17212182.T.G,19,17212182,T,G,rs56937714,0.420804,0.709578,0.999695
19.17212410.T.C,19,17212410,T,C,rs3745348,0.420804,0.709729,1.0
19.17214073.T.C,19,17214073,T,C,rs11666569,0.420805,0.714639,0.998975
19.17215202.A.G,19,17215202,A,G,rs1060367,0.420806,0.709578,0.999373
19.17219105.A.G,19,17219105,A,G,rs7246865,0.42082,0.742742,0.982039
19.17225128.A.G,19,17225128,A,G,rs10421727,0.420861,0.706956,0.991702
19.17227335.T.C,19,17227335,T,C,rs8101673,0.421213,0.707767,0.963991
19.45411941.C.T,19,45411941,C,T,rs429358,0.707164,0.843689,1.0
19.45412079.T.C,19,45412079,T,C,rs7412,0.707166,0.918999,1.0
19.45413233.T.G,19,45413233,T,G,rs1065853,0.707178,0.919141,0.997561
19.7257990.G.C,19,7257990,G,C,rs12978472,0.232605,0.870626,0.977427
19.7260891.CTT.C,19,7260891,CTT,C,rs10628444,0.232785,0.877107,0.962849
19.7406066.G.A,19,7406066,G,A,rs4804517,0.247836,0.666855,1.0
20.10736551.C.T,20,10736551,C,T,rs12481075,0.302972,0.721045,0.981843
20.10742578.A.G,20,10742578,A,G,rs77098653,0.302992,0.72593,0.988272
20.10743612.T.A,20,10743612,T,A,rs78845099,0.302996,0.724502,0.989414
20.10745783.C.T,20,10745783,C,T,rs75679202,0.303004,0.728545,0.988647
20.10746955.A.G,20,10746955,A,G,rs144093494,0.303008,0.729149,0.985717
20.10747404.CAAAAAT.C,20,10747404,CAAAAAT,C,rs151247501,0.30301,0.729129,0.986631
20.10747651.C.T,20,10747651,C,T,rs79206882,0.303011,0.728679,0.990834
20.10747839.C.G,20,10747839,C,G,rs41329148,0.303011,0.728798,0.990928
20.10747998.A.G,20,10747998,A,G,rs75545401,0.303012,0.728819,0.99136
20.10749126.A.AG,20,10749126,A,AG,rs752461764,0.303016,0.729291,0.98809
20.10750310.A.C,20,10750310,A,C,rs17459852,0.30302,0.729132,0.991685
20.10751467.C.A,20,10751467,C,A,rs17538415,0.303024,0.728989,0.991457
20.10751805.C.T,20,10751805,C,T,rs17538464,0.303025,0.728942,0.992015
20.10752610.T.C,20,10752610,T,C,rs6134031,0.303028,0.728204,0.989879
20.10754016.T.A,20,10754016,T,A,rs75385879,0.303034,0.729137,0.992822
20.10756166.A.G,20,10756166,A,G,rs4813943,0.303042,0.501199,0.990129
20.10756588.A.C,20,10756588,A,C,rs77818442,0.303044,0.727513,0.992457
20.10965998.A.G,20,10965998,A,G,rs1887320,0.305586,0.523291,0.997932
20.10967214.G.T,20,10967214,G,T,rs6108787,0.30559,0.522569,0.998489
20.10969030.G.A,20,10969030,G,A,rs1327235,0.305596,0.522377,1.0
20.42792425.C.T,20,42792425,C,T,rs6103661,0.649122,0.462001,0.995319
20.42793792.T.G,20,42793792,T,G,rs2018604,0.649191,0.462715,0.991995
20.42795152.G.A,20,42795152,G,A,rs6031431,0.649222,0.53892,0.984228
20.42795850.G.A,20,42795850,G,A,rs2179680,0.649234,0.540184,0.985168
20.42795974.T.A,20,42795974,T,A,rs1014754,0.649236,0.540419,0.985147
20.42797358.G.A,20,42797358,G,A,rs6031435,0.64926,0.540124,0.985159
20.62404557.CAAATTGTT.C,20,62404557,CAAATTGTT,C,rs113481483,1.09089,0.796597,0.901896
20.62404558.AAATTGTTT.A,20,62404558,AAATTGTTT,A,rs71937662,1.09089,0.796879,0.901497
20.62404563.GTTAAATTT.G,20,62404563,GTTAAATTT,G,rs755311116,1.09089,0.797202,0.900329
20.62407879.A.G,20,62407879,A,G,rs4809226,1.0909,0.764841,0.998633
20.62408774.T.C,20,62408774,T,C,rs62219891,1.0909,0.764885,0.998999
20.62413838.C.G,20,62413838,C,G,rs6062527,1.09091,0.76485,0.997909
20.62416741.G.C,20,62416741,G,C,rs2315655,1.09095,0.769422,0.992958
20.62418331.T.C,20,62418331,T,C,rs6062529,1.09098,0.754462,0.9881
20.62418385.G.T,20,62418385,G,T,rs6062530,1.09098,0.752589,0.986824
20.62424017.T.C,20,62424017,T,C,rs11697546,1.09107,0.755963,0.994085
20.62429101.A.G,20,62429101,A,G,rs6062533,1.09109,0.768298,0.997129
20.62430705.CT.C,20,62430705,CT,C,rs577770361,1.09109,0.769995,0.982784
20.62434922.CG.C,20,62434922,CG,C,rs144100339,1.09109,0.766585,0.9899
20.62438415.A.G,20,62438415,A,G,rs9798571,1.09109,0.768541,0.997346
20.62443779.A.G,20,62443779,A,G,rs6062536,1.09109,0.767991,0.997769
20.62444408.G.A,20,62444408,G,A,rs6062323,1.09109,0.765714,0.998102
20.62444809.T.A,20,62444809,T,A,rs59295094,1.09109,0.762436,0.969878
20.62445068.A.G,20,62445068,A,G,rs17753004,1.09109,0.765727,0.998053
20.62446351.A.G,20,62446351,A,G,rs6062324,1.0911,0.766196,0.997273
20.62447386.G.A,20,62447386,G,A,rs114841850,1.0911,0.764079,0.990524
20.62449320.T.C,20,62449320,T,C,rs6062541,1.0911,0.765662,0.99864
20.62451079.C.T,20,62451079,C,T,rs6062543,1.09111,0.765587,1.0
20.62461572.A.G,20,62461572,A,G,rs8118848,1.09113,0.763403,0.995981
20.62467859.C.T,20,62467859,C,T,rs144283573,1.09114,0.765157,0.991755
20.62692060.C.A,20,62692060,C,A,rs6090040,1.09656,0.479653,0.987466
20.62696024.T.C,20,62696024,T,C,rs6062344,1.09662,0.50473,0.995297
20.62707527.T.C,20,62707527,T,C,rs4372964,1.09668,0.5663,0.991304
20.62711459.T.C,20,62711459,T,C,rs8126001,1.09672,0.510286,0.992915
20.62712053.C.T,20,62712053,C,T,rs8121509,1.09673,0.547963,1.0
20.8616588.G.A,20,8616588,G,A,rs6039211,0.255145,0.638036,0.996406
20.8622480.C.T,20,8622480,C,T,rs6039216,0.255153,0.638599,0.995605
20.8626271.A.C,20,8626271,A,C,rs6108168,0.255157,0.74488,0.996344
20.8626282.G.A,20,8626282,G,A,rs6118279,0.255157,0.640295,0.9957
20.8631497.GA.G,20,8631497,GA,G,rs11087816,0.255186,0.638033,0.984306
20.8633433.C.T,20,8633433,C,T,rs6133597,0.255199,0.639853,0.991047
20.8635551.T.A,20,8635551,T,A,rs6108171,0.255274,0.751833,0.985235
21.16556367.T.C,21,16556367,T,C,rs1882961,0.0403489,0.693551,0.982951
21.16576783.A.G,21,16576783,A,G,rs2823139,0.0405841,0.661668,0.983775
21.16578159.C.A,21,16578159,C,A,rs1997595,0.0406058,0.658253,0.979929
21.16578448.T.C,21,16578448,T,C,rs1997596,0.0406242,0.655878,0.978289
21.16578800.A.G,21,16578800,A,G,rs2823140,0.0406466,0.655296,0.976728
21.16582710.G.A,21,16582710,G,A,rs56038390,0.0409647,0.670544,0.959585
21.33671140.C.T,21,33671140,C,T,rs2298359,0.335233,0.934181,1.0
